Timecode,WinLose,WinProb,Trial,Condition,Time,Tot_spikes1,Tot_spikes2,Tot_spikes3,Tot_spikes4,Tot_spikes5,Tot_spikes6,Tot_spikes7,Tot_spikes8,Tot_spikes9,Tot_spikes10,Tot_spikes11,Tot_spikes12,Tot_spikes13,Tot_spikes14,Tot_spikes15,Tot_spikes16,Tot_spikes17,Tot_spikes18,Tot_spikes19,Tot_spikes20,Tot_spikes21,Tot_spikes22,Tot_spikes23,Tot_spikes24,Tot_spikes25,Tot_spikes26,Tot_spikes27,Tot_spikes28,Tot_spikes29,Tot_spikes30,Tot_spikes31,Tot_spikes32,Tot_spikes33,Tot_spikes34,Tot_spikes35,Tot_spikes36,Tot_spikes37,Tot_spikes38,Tot_spikes39,Tot_spikes40,Tot_spikes41,Tot_spikes42,Tot_spikes43,Tot_spikes44,Tot_spikes45,Tot_spikes46,Tot_spikes47,Tot_spikes48,Tot_spikes49,Tot_spikes50,Tot_spikes51
234482993,0,low,1,NonSocial,7155.85305786133,0,0,0,0,0,0,0,0,0,0,0,0,0,18,5,4,9,31,3,1,0,19,0,11,18,0,0,0,0,0,0,0,0,0,0,0,0,0,0,0,0,0,0,0,0,0,0,0,0,0,0
234677114,0,low,2,NonSocial,7161.77716064453,0,0,0,0,0,0,0,0,0,0,0,0,0,15,1,1,8,32,0,3,0,13,0,14,19,0,0,0,0,0,0,0,0,0,0,0,0,0,0,0,0,0,0,0,0,0,0,0,0,0,0
234871231,0,low,3,NonSocial,7167.70114135742,0,0,0,0,0,0,0,0,0,0,0,0,0,28,1,0,14,40,1,1,0,18,1,11,16,0,0,0,0,0,0,0,0,0,0,0,0,0,0,0,0,0,0,0,0,0,0,0,0,0,0
235065355,0,low,4,NonSocial,7173.62533569336,0,0,0,0,0,0,0,0,0,0,0,0,0,23,11,6,6,17,0,1,0,7,3,9,17,0,0,0,0,0,0,0,0,0,0,0,0,0,0,0,0,0,0,0,0,0,0,0,0,0,0
235259452,1,low,5,NonSocial,7179.54870605469,0,0,0,0,0,0,0,0,0,0,0,0,0,23,8,4,10,25,2,2,0,6,5,6,22,0,0,0,0,0,0,0,0,0,0,0,0,0,0,0,0,0,0,0,0,0,0,0,0,0,0
235525652,0,low,6,NonSocial,7187.67248535156,0,0,0,0,0,0,0,0,0,0,0,0,0,18,6,3,5,19,0,3,2,15,5,6,14,0,0,0,0,0,0,0,0,0,0,0,0,0,0,0,0,0,0,0,0,0,0,0,0,0,0
235769503,0,low,7,NonSocial,7195.11422729492,0,0,0,0,0,0,0,0,0,0,0,0,0,21,2,4,9,27,2,0,0,5,4,13,21,0,0,0,0,0,0,0,0,0,0,0,0,0,0,0,0,0,0,0,0,0,0,0,0,0,0
235963611,0,low,8,NonSocial,7201.03793334961,0,0,0,0,0,0,0,0,0,0,0,0,0,17,4,5,19,20,0,1,1,18,1,9,16,0,0,0,0,0,0,0,0,0,0,0,0,0,0,0,0,0,0,0,0,0,0,0,0,0,0
236157734,0,low,9,NonSocial,7206.96209716797,0,0,0,0,0,0,0,0,0,0,0,0,0,16,8,0,8,13,3,2,0,7,4,14,24,0,0,0,0,0,0,0,0,0,0,0,0,0,0,0,0,0,0,0,0,0,0,0,0,0,0
236401544,0,low,10,NonSocial,7214.40258789062,0,0,0,0,0,0,0,0,0,0,0,0,0,27,4,3,7,20,2,4,0,7,4,13,12,0,0,0,0,0,0,0,0,0,0,0,0,0,0,0,0,0,0,0,0,0,0,0,0,0,0
236595663,0,low,11,NonSocial,7220.32662963867,0,0,0,0,0,0,0,0,0,0,0,0,0,12,7,3,8,21,3,1,0,4,1,8,22,0,0,0,0,0,0,0,0,0,0,0,0,0,0,0,0,0,0,0,0,0,0,0,0,0,0
236789788,0,low,12,NonSocial,7226.25085449219,0,0,0,0,0,0,0,0,0,0,0,0,0,22,2,1,9,23,1,0,3,18,0,14,13,0,0,0,0,0,0,0,0,0,0,0,0,0,0,0,0,0,0,0,0,0,0,0,0,0,0
236983908,0,low,13,NonSocial,7232.17492675781,0,0,0,0,0,0,0,0,0,0,0,0,0,15,5,2,10,14,2,7,0,3,5,10,12,0,0,0,0,0,0,0,0,0,0,0,0,0,0,0,0,0,0,0,0,0,0,0,0,0,0
237178001,1,low,14,NonSocial,7238.09817504883,0,0,0,0,0,0,0,0,0,0,0,0,0,24,6,0,11,12,0,2,0,6,2,10,15,0,0,0,0,0,0,0,0,0,0,0,0,0,0,0,0,0,0,0,0,0,0,0,0,0,0
237421814,0,low,15,NonSocial,7245.53875732422,0,0,0,0,0,0,0,0,0,0,0,0,0,13,3,1,5,26,1,1,4,10,3,11,13,0,0,0,0,0,0,0,0,0,0,0,0,0,0,0,0,0,0,0,0,0,0,0,0,0,0
237615935,1,low,16,NonSocial,7251.46286010742,0,0,0,0,0,0,0,0,0,0,0,0,0,22,6,1,6,20,1,1,1,3,0,12,11,0,0,0,0,0,0,0,0,0,0,0,0,0,0,0,0,0,0,0,0,0,0,0,0,0,0
237810055,0,low,17,NonSocial,7257.38693237305,0,0,0,0,0,0,0,0,0,0,0,0,0,15,9,7,6,22,0,4,0,6,0,6,13,0,0,0,0,0,0,0,0,0,0,0,0,0,0,0,0,0,0,0,0,0,0,0,0,0,0
238004207,0,low,18,NonSocial,7263.31198120117,0,0,0,0,0,0,0,0,0,0,0,0,0,17,1,0,8,29,2,1,0,20,3,11,18,0,0,0,0,0,0,0,0,0,0,0,0,0,0,0,0,0,0,0,0,0,0,0,0,0,0
238198321,0,low,19,NonSocial,7269.23587036133,0,0,0,0,0,0,0,0,0,0,0,0,0,16,17,3,12,26,1,1,0,4,6,20,19,0,0,0,0,0,0,0,0,0,0,0,0,0,0,0,0,0,0,0,0,0,0,0,0,0,0
238392444,0,low,20,NonSocial,7275.16003417969,0,0,0,0,0,0,0,0,0,0,0,0,0,16,2,9,7,25,0,0,0,2,2,15,6,0,0,0,0,0,0,0,0,0,0,0,0,0,0,0,0,0,0,0,0,0,0,0,0,0,0
238656459,0,low,21,NonSocial,7283.21713256836,0,0,0,0,0,0,0,0,0,0,0,0,0,17,10,0,13,20,0,5,0,3,4,11,16,0,0,0,0,0,0,0,0,0,0,0,0,0,0,0,0,0,0,0,0,0,0,0,0,0,0
238850579,0,low,22,NonSocial,7289.14120483398,0,0,0,0,0,0,0,0,0,0,0,0,0,18,6,8,13,19,1,5,0,6,3,11,20,0,0,0,0,0,0,0,0,0,0,0,0,0,0,0,0,0,0,0,0,0,0,0,0,0,0
239044706,0,low,23,NonSocial,7295.06549072266,0,0,0,0,0,0,0,0,0,0,0,0,0,12,5,0,9,24,1,2,0,6,2,12,11,0,0,0,0,0,0,0,0,0,0,0,0,0,0,0,0,0,0,0,0,0,0,0,0,0,0
239240234,0,low,24,NonSocial,7301.03253173828,0,0,0,0,0,0,0,0,0,0,0,0,0,16,0,4,8,23,0,0,0,4,0,6,4,0,0,0,0,0,0,0,0,0,0,0,0,0,0,0,0,0,0,0,0,0,0,0,0,0,0
239434286,1,low,25,NonSocial,7306.95452880859,0,0,0,0,0,0,0,0,0,0,0,0,0,13,11,0,11,27,2,9,0,6,10,10,20,0,0,0,0,0,0,0,0,0,0,0,0,0,0,0,0,0,0,0,0,0,0,0,0,0,0
239628406,0,low,26,NonSocial,7312.87860107422,0,0,0,0,0,0,0,0,0,0,0,0,0,13,4,6,9,27,1,2,0,5,2,10,11,0,0,0,0,0,0,0,0,0,0,0,0,0,0,0,0,0,0,0,0,0,0,0,0,0,0
239822553,0,low,27,NonSocial,7318.80349731445,0,0,0,0,0,0,0,0,0,0,0,0,0,13,8,0,10,18,1,5,2,11,5,14,22,0,0,0,0,0,0,0,0,0,0,0,0,0,0,0,0,0,0,0,0,0,0,0,0,0,0
240016673,0,low,28,NonSocial,7324.72756958008,0,0,0,0,0,0,0,0,0,0,0,0,0,13,7,0,8,20,2,4,0,3,1,12,25,0,0,0,0,0,0,0,0,0,0,0,0,0,0,0,0,0,0,0,0,0,0,0,0,0,0
240210767,1,low,29,NonSocial,7330.65084838867,0,0,0,0,0,0,0,0,0,0,0,0,0,17,11,2,14,25,0,5,0,22,6,17,22,0,0,0,0,0,0,0,0,0,0,0,0,0,0,0,0,0,0,0,0,0,0,0,0,0,0
240404888,0,low,30,NonSocial,7336.57495117188,0,0,0,0,0,0,0,0,0,0,0,0,0,7,2,7,6,19,0,3,0,5,0,8,16,0,0,0,0,0,0,0,0,0,0,0,0,0,0,0,0,0,0,0,0,0,0,0,0,0,0
240599009,1,low,31,NonSocial,7342.49905395508,0,0,0,0,0,0,0,0,0,0,0,0,0,12,6,9,10,25,1,4,0,7,1,16,18,0,0,0,0,0,0,0,0,0,0,0,0,0,0,0,0,0,0,0,0,0,0,0,0,0,0
240793130,0,low,32,NonSocial,7348.42315673828,0,0,0,0,0,0,0,0,0,0,0,0,0,14,11,3,17,25,3,1,0,3,3,14,18,0,0,0,0,0,0,0,0,0,0,0,0,0,0,0,0,0,0,0,0,0,0,0,0,0,0
240987278,0,low,33,NonSocial,7354.34808349609,0,0,0,0,0,0,0,0,0,0,0,0,0,10,6,4,11,12,0,2,0,9,1,14,9,0,0,0,0,0,0,0,0,0,0,0,0,0,0,0,0,0,0,0,0,0,0,0,0,0,0
241181397,0,low,34,NonSocial,7360.27212524414,0,0,0,0,0,0,0,0,0,0,0,0,0,54,11,0,13,24,3,3,0,27,2,12,29,0,0,0,0,0,0,0,0,0,0,0,0,0,0,0,0,0,0,0,0,0,0,0,0,0,0
241380560,0,low,35,NonSocial,7366.35009765625,0,0,0,0,0,0,0,0,0,0,0,0,0,24,18,0,12,12,2,6,2,7,6,15,31,0,0,0,0,0,0,0,0,0,0,0,0,0,0,0,0,0,0,0,0,0,0,0,0,0,0
241574554,0,low,36,NonSocial,7372.27032470703,0,0,0,0,0,0,0,0,0,0,0,0,0,9,6,4,7,18,0,1,0,3,1,8,17,0,0,0,0,0,0,0,0,0,0,0,0,0,0,0,0,0,0,0,0,0,0,0,0,0,0
241768650,1,low,37,NonSocial,7378.19366455078,0,0,0,0,0,0,0,0,0,0,0,0,0,8,9,0,10,12,1,5,0,8,0,9,19,0,0,0,0,0,0,0,0,0,0,0,0,0,0,0,0,0,0,0,0,0,0,0,0,0,0
241962796,1,low,38,NonSocial,7384.11853027344,0,0,0,0,0,0,0,0,0,0,0,0,0,13,7,10,11,25,0,0,0,10,2,17,18,0,0,0,0,0,0,0,0,0,0,0,0,0,0,0,0,0,0,0,0,0,0,0,0,0,0
242156917,1,low,39,NonSocial,7390.04263305664,0,0,0,0,0,0,0,0,0,0,0,0,0,24,6,2,1,18,3,1,0,3,0,12,18,0,0,0,0,0,0,0,0,0,0,0,0,0,0,0,0,0,0,0,0,0,0,0,0,0,0
242351038,1,low,40,NonSocial,7395.96673583984,0,0,0,0,0,0,0,0,0,0,0,0,0,10,15,2,4,24,3,6,0,4,3,14,18,0,0,0,0,0,0,0,0,0,0,0,0,0,0,0,0,0,0,0,0,0,0,0,0,0,0
242545134,0,low,41,NonSocial,7401.89007568359,0,0,0,0,0,0,0,0,0,0,0,0,0,22,6,0,3,16,0,2,0,3,3,9,12,0,0,0,0,0,0,0,0,0,0,0,0,0,0,0,0,0,0,0,0,0,0,0,0,0,0
242739280,0,low,42,NonSocial,7407.81494140625,0,0,0,0,0,0,0,0,0,0,0,0,0,23,14,0,9,20,0,1,0,1,5,15,12,0,0,0,0,0,0,0,0,0,0,0,0,0,0,0,0,0,0,0,0,0,0,0,0,0,0
242983093,0,low,43,NonSocial,7415.25552368164,0,0,0,0,0,0,0,0,0,0,0,0,0,24,15,7,7,26,3,8,0,13,2,11,23,0,0,0,0,0,0,0,0,0,0,0,0,0,0,0,0,0,0,0,0,0,0,0,0,0,0
243177218,0,low,44,NonSocial,7421.17974853516,0,0,0,0,0,0,0,0,0,0,0,0,0,18,12,0,11,5,2,5,0,5,10,6,18,0,0,0,0,0,0,0,0,0,0,0,0,0,0,0,0,0,0,0,0,0,0,0,0,0,0
243371334,0,low,45,NonSocial,7427.10369873047,0,0,0,0,0,0,0,0,0,0,0,0,0,14,7,0,8,14,3,5,1,6,3,5,18,0,0,0,0,0,0,0,0,0,0,0,0,0,0,0,0,0,0,0,0,0,0,0,0,0,0
215981406,1,med,1,NonSocial,6591.22943115234,0,0,0,0,0,0,0,0,0,0,0,0,0,17,1,7,14,26,5,4,0,10,1,3,15,0,0,0,0,0,0,0,0,0,0,0,0,0,0,0,0,0,0,0,0,0,0,0,0,0,0
216175524,0,med,2,NonSocial,6597.15344238281,0,0,0,0,0,0,0,0,0,0,0,0,0,26,3,6,10,31,3,1,0,21,1,9,15,0,0,0,0,0,0,0,0,0,0,0,0,0,0,0,0,0,0,0,0,0,0,0,0,0,0
216369645,1,med,3,NonSocial,6603.07754516602,0,0,0,0,0,0,0,0,0,0,0,0,0,24,2,7,8,39,3,2,0,12,0,9,20,0,0,0,0,0,0,0,0,0,0,0,0,0,0,0,0,0,0,0,0,0,0,0,0,0,0
216563766,0,med,4,NonSocial,6609.00164794922,0,0,0,0,0,0,0,0,0,0,0,0,0,15,8,0,11,25,1,5,1,11,0,5,14,0,0,0,0,0,0,0,0,0,0,0,0,0,0,0,0,0,0,0,0,0,0,0,0,0,0
216757887,1,med,5,NonSocial,6614.92575073242,0,0,0,0,0,0,0,0,0,0,0,0,0,18,1,3,6,24,4,4,0,9,1,9,19,0,0,0,0,0,0,0,0,0,0,0,0,0,0,0,0,0,0,0,0,0,0,0,0,0,0
217021903,0,med,6,NonSocial,6622.98287963867,0,0,0,0,0,0,0,0,0,0,0,0,0,24,1,3,0,32,0,1,0,3,1,5,10,0,0,0,0,0,0,0,0,0,0,0,0,0,0,0,0,0,0,0,0,0,0,0,0,0,0
217216024,1,med,7,NonSocial,6628.90698242188,0,0,0,0,0,0,0,0,0,0,0,0,0,17,6,9,6,22,3,8,0,2,0,11,9,0,0,0,0,0,0,0,0,0,0,0,0,0,0,0,0,0,0,0,0,0,0,0,0,0,0
217410170,1,med,8,NonSocial,6634.83184814453,0,0,0,0,0,0,0,0,0,0,0,0,0,25,7,0,9,26,1,6,1,21,2,19,14,0,0,0,0,0,0,0,0,0,0,0,0,0,0,0,0,0,0,0,0,0,0,0,0,0,0
217604291,1,med,9,NonSocial,6640.75595092773,0,0,0,0,0,0,0,0,0,0,0,0,0,27,3,4,3,28,3,5,0,10,5,7,13,0,0,0,0,0,0,0,0,0,0,0,0,0,0,0,0,0,0,0,0,0,0,0,0,0,0
217798387,0,med,10,NonSocial,6646.67929077148,0,0,0,0,0,0,0,0,0,0,0,0,0,27,6,0,11,22,2,4,0,2,4,10,18,0,0,0,0,0,0,0,0,0,0,0,0,0,0,0,0,0,0,0,0,0,0,0,0,0,0
217992533,0,med,11,NonSocial,6652.60415649414,0,0,0,0,0,0,0,0,0,0,0,0,0,18,5,0,21,23,1,2,0,16,2,8,22,0,0,0,0,0,0,0,0,0,0,0,0,0,0,0,0,0,0,0,0,0,0,0,0,0,0
218186655,0,med,12,NonSocial,6658.52828979492,0,0,0,0,0,0,0,0,0,0,0,0,0,19,6,0,9,25,0,2,0,6,1,8,17,0,0,0,0,0,0,0,0,0,0,0,0,0,0,0,0,0,0,0,0,0,0,0,0,0,0
218380776,0,med,13,NonSocial,6664.45239257812,0,0,0,0,0,0,0,0,0,0,0,0,0,13,8,3,9,22,1,4,0,15,2,13,16,0,0,0,0,0,0,0,0,0,0,0,0,0,0,0,0,0,0,0,0,0,0,0,0,0,0
218574871,1,med,14,NonSocial,6670.3757019043,0,0,0,0,0,0,0,0,0,0,0,0,0,24,7,0,12,17,1,1,0,7,6,10,15,0,0,0,0,0,0,0,0,0,0,0,0,0,0,0,0,0,0,0,0,0,0,0,0,0,0
218768992,0,med,15,NonSocial,6676.2998046875,0,0,0,0,0,0,0,0,0,0,0,0,0,13,1,3,2,22,1,2,0,6,3,10,14,0,0,0,0,0,0,0,0,0,0,0,0,0,0,0,0,0,0,0,0,0,0,0,0,0,0
218963115,1,med,16,NonSocial,6682.22396850586,0,0,0,0,0,0,0,0,0,0,0,0,0,24,6,3,5,22,0,2,1,14,2,8,9,0,0,0,0,0,0,0,0,0,0,0,0,0,0,0,0,0,0,0,0,0,0,0,0,0,0
219157261,1,med,17,NonSocial,6688.14883422852,0,0,0,0,0,0,0,0,0,0,0,0,0,32,4,2,15,33,1,5,3,19,8,17,22,0,0,0,0,0,0,0,0,0,0,0,0,0,0,0,0,0,0,0,0,0,0,0,0,0,0
219351380,1,med,18,NonSocial,6694.07287597656,0,0,0,0,0,0,0,0,0,0,0,0,0,14,8,3,7,19,1,1,0,3,7,10,18,0,0,0,0,0,0,0,0,0,0,0,0,0,0,0,0,0,0,0,0,0,0,0,0,0,0
219545476,0,med,19,NonSocial,6699.99621582031,0,0,0,0,0,0,0,0,0,0,0,0,0,13,12,3,10,7,6,4,0,0,3,14,22,0,0,0,0,0,0,0,0,0,0,0,0,0,0,0,0,0,0,0,0,0,0,0,0,0,0
219739597,1,med,20,NonSocial,6705.92031860352,0,0,0,0,0,0,0,0,0,0,0,0,0,12,6,7,10,9,0,6,0,4,3,11,22,0,0,0,0,0,0,0,0,0,0,0,0,0,0,0,0,0,0,0,0,0,0,0,0,0,0
219996271,1,med,21,NonSocial,6713.75338745117,0,0,0,0,0,0,0,0,0,0,0,0,0,19,4,6,7,26,1,1,0,9,7,6,23,0,0,0,0,0,0,0,0,0,0,0,0,0,0,0,0,0,0,0,0,0,0,0,0,0,0
220190362,0,med,22,NonSocial,6719.67657470703,0,0,0,0,0,0,0,0,0,0,0,0,0,11,4,2,8,29,4,3,0,17,3,4,16,0,0,0,0,0,0,0,0,0,0,0,0,0,0,0,0,0,0,0,0,0,0,0,0,0,0
220384483,1,med,23,NonSocial,6725.60067749023,0,0,0,0,0,0,0,0,0,0,0,0,0,15,2,6,9,30,0,1,0,9,3,9,19,0,0,0,0,0,0,0,0,0,0,0,0,0,0,0,0,0,0,0,0,0,0,0,0,0,0
220578635,1,med,24,NonSocial,6731.52572631836,0,0,0,0,0,0,0,0,0,0,0,0,0,11,9,0,6,11,1,3,0,8,2,4,15,0,0,0,0,0,0,0,0,0,0,0,0,0,0,0,0,0,0,0,0,0,0,0,0,0,0
220772755,1,med,25,NonSocial,6737.44979858398,0,0,0,0,0,0,0,0,0,0,0,0,0,16,4,2,5,14,1,2,0,3,1,10,20,0,0,0,0,0,0,0,0,0,0,0,0,0,0,0,0,0,0,0,0,0,0,0,0,0,0
220966873,1,med,26,NonSocial,6743.37380981445,0,0,0,0,0,0,0,0,0,0,0,0,0,18,3,9,6,19,1,1,0,3,2,7,17,0,0,0,0,0,0,0,0,0,0,0,0,0,0,0,0,0,0,0,0,0,0,0,0,0,0
221160968,0,med,27,NonSocial,6749.29711914062,0,0,0,0,0,0,0,0,0,0,0,0,0,13,5,6,3,26,1,1,0,9,5,12,10,0,0,0,0,0,0,0,0,0,0,0,0,0,0,0,0,0,0,0,0,0,0,0,0,0,0
221355089,1,med,28,NonSocial,6755.22122192383,0,0,0,0,0,0,0,0,0,0,0,0,0,10,4,0,9,20,1,4,0,6,1,16,22,0,0,0,0,0,0,0,0,0,0,0,0,0,0,0,0,0,0,0,0,0,0,0,0,0,0
221549210,0,med,29,NonSocial,6761.14532470703,0,0,0,0,0,0,0,0,0,0,0,0,0,17,1,0,4,22,2,6,0,17,3,8,7,0,0,0,0,0,0,0,0,0,0,0,0,0,0,0,0,0,0,0,0,0,0,0,0,0,0
221743353,0,med,30,NonSocial,6767.07009887695,0,0,0,0,0,0,0,0,0,0,0,0,0,20,11,0,12,19,7,6,0,3,5,11,22,0,0,0,0,0,0,0,0,0,0,0,0,0,0,0,0,0,0,0,0,0,0,0,0,0,0
221937452,1,med,31,NonSocial,6772.99353027344,0,0,0,0,0,0,0,0,0,0,0,0,0,15,8,10,6,27,0,2,0,5,2,9,23,0,0,0,0,0,0,0,0,0,0,0,0,0,0,0,0,0,0,0,0,0,0,0,0,0,0
222131573,0,med,32,NonSocial,6778.91763305664,0,0,0,0,0,0,0,0,0,0,0,0,0,26,7,0,4,30,3,3,0,11,2,11,19,0,0,0,0,0,0,0,0,0,0,0,0,0,0,0,0,0,0,0,0,0,0,0,0,0,0
222325721,0,med,33,NonSocial,6784.84255981445,0,0,0,0,0,0,0,0,0,0,0,0,0,24,5,0,12,23,4,0,0,20,3,15,16,0,0,0,0,0,0,0,0,0,0,0,0,0,0,0,0,0,0,0,0,0,0,0,0,0,0
222519814,1,med,34,NonSocial,6790.76580810547,0,0,0,0,0,0,0,0,0,0,0,0,0,21,14,0,6,16,0,8,2,7,10,18,25,0,0,0,0,0,0,0,0,0,0,0,0,0,0,0,0,0,0,0,0,0,0,0,0,0,0
222713935,0,med,35,NonSocial,6796.68991088867,0,0,0,0,0,0,0,0,0,0,0,0,0,18,10,3,17,8,2,4,0,0,3,11,28,0,0,0,0,0,0,0,0,0,0,0,0,0,0,0,0,0,0,0,0,0,0,0,0,0,0
222908082,0,med,36,NonSocial,6802.61480712891,0,0,0,0,0,0,0,0,0,0,0,0,0,19,7,0,6,23,1,4,0,1,3,11,20,0,0,0,0,0,0,0,0,0,0,0,0,0,0,0,0,0,0,0,0,0,0,0,0,0,0
223102204,0,med,37,NonSocial,6808.53894042969,0,0,0,0,0,0,0,0,0,0,0,0,0,17,3,7,6,28,1,3,0,1,4,13,8,0,0,0,0,0,0,0,0,0,0,0,0,0,0,0,0,0,0,0,0,0,0,0,0,0,0
223296299,1,med,38,NonSocial,6814.46224975586,0,0,0,0,0,0,0,0,0,0,0,0,0,15,10,0,8,17,0,1,0,1,9,8,19,0,0,0,0,0,0,0,0,0,0,0,0,0,0,0,0,0,0,0,0,0,0,0,0,0,0
223490420,0,med,39,NonSocial,6820.38635253906,0,0,0,0,0,0,0,0,0,0,0,0,0,22,10,8,10,13,1,4,1,3,7,9,32,0,0,0,0,0,0,0,0,0,0,0,0,0,0,0,0,0,0,0,0,0,0,0,0,0,0
223684542,1,med,40,NonSocial,6826.31048583984,0,0,0,0,0,0,0,0,0,0,0,0,0,28,2,3,5,31,2,3,0,10,3,16,19,0,0,0,0,0,0,0,0,0,0,0,0,0,0,0,0,0,0,0,0,0,0,0,0,0,0
223878662,0,med,41,NonSocial,6832.23455810547,0,0,0,0,0,0,0,0,0,0,0,0,0,21,3,1,10,16,3,1,0,3,2,14,14,0,0,0,0,0,0,0,0,0,0,0,0,0,0,0,0,0,0,0,0,0,0,0,0,0,0
224072784,1,med,42,NonSocial,6838.15869140625,0,0,0,0,0,0,0,0,0,0,0,0,0,14,3,3,4,31,0,1,0,5,1,2,19,0,0,0,0,0,0,0,0,0,0,0,0,0,0,0,0,0,0,0,0,0,0,0,0,0,0
224266904,0,med,43,NonSocial,6844.08276367188,0,0,0,0,0,0,0,0,0,0,0,0,0,18,8,7,8,30,0,1,1,13,2,11,11,0,0,0,0,0,0,0,0,0,0,0,0,0,0,0,0,0,0,0,0,0,0,0,0,0,0
224461026,1,med,44,NonSocial,6850.00689697266,0,0,0,0,0,0,0,0,0,0,0,0,0,11,8,4,12,17,0,3,0,4,5,20,19,0,0,0,0,0,0,0,0,0,0,0,0,0,0,0,0,0,0,0,0,0,0,0,0,0,0
224655177,1,med,45,NonSocial,6855.9319152832,0,0,0,0,0,0,0,0,0,0,0,0,0,9,11,6,12,15,3,4,0,3,9,12,20,0,0,0,0,0,0,0,0,0,0,0,0,0,0,0,0,0,0,0,0,0,0,0,0,0,0
225164090,1,high,1,NonSocial,6871.46270751953,0,0,0,0,0,0,0,0,0,0,0,0,0,18,7,0,7,20,1,3,0,4,1,10,12,0,0,0,0,0,0,0,0,0,0,0,0,0,0,0,0,0,0,0,0,0,0,0,0,0,0
225358213,1,high,2,NonSocial,6877.38687133789,0,0,0,0,0,0,0,0,0,0,0,0,0,11,2,1,5,27,3,2,0,5,6,7,23,0,0,0,0,0,0,0,0,0,0,0,0,0,0,0,0,0,0,0,0,0,0,0,0,0,0
225552333,1,high,3,NonSocial,6883.31094360352,0,0,0,0,0,0,0,0,0,0,0,0,0,11,6,7,8,26,1,0,0,10,5,11,17,0,0,0,0,0,0,0,0,0,0,0,0,0,0,0,0,0,0,0,0,0,0,0,0,0,0
225746454,1,high,4,NonSocial,6889.23504638672,0,0,0,0,0,0,0,0,0,0,0,0,0,18,11,0,9,11,2,1,0,9,2,12,26,0,0,0,0,0,0,0,0,0,0,0,0,0,0,0,0,0,0,0,0,0,0,0,0,0,0
225940575,1,high,5,NonSocial,6895.15914916992,0,0,0,0,0,0,0,0,0,0,0,0,0,23,6,1,9,18,1,3,6,14,4,8,22,0,0,0,0,0,0,0,0,0,0,0,0,0,0,0,0,0,0,0,0,0,0,0,0,0,0
226235906,1,high,6,NonSocial,6904.17193603516,0,0,0,0,0,0,0,0,0,0,0,0,0,10,13,0,11,10,1,3,0,2,5,14,19,0,0,0,0,0,0,0,0,0,0,0,0,0,0,0,0,0,0,0,0,0,0,0,0,0,0
226430085,0,high,7,NonSocial,6910.09780883789,0,0,0,0,0,0,0,0,0,0,0,0,0,24,5,0,5,21,1,2,0,5,7,11,15,0,0,0,0,0,0,0,0,0,0,0,0,0,0,0,0,0,0,0,0,0,0,0,0,0,0
226624232,0,high,8,NonSocial,6916.02270507812,0,0,0,0,0,0,0,0,0,0,0,0,0,22,2,0,13,19,0,7,1,8,5,5,10,0,0,0,0,0,0,0,0,0,0,0,0,0,0,0,0,0,0,0,0,0,0,0,0,0,0
226818326,1,high,9,NonSocial,6921.94598388672,0,0,0,0,0,0,0,0,0,0,0,0,0,17,5,5,11,16,0,4,0,5,4,8,27,0,0,0,0,0,0,0,0,0,0,0,0,0,0,0,0,0,0,0,0,0,0,0,0,0,0
227012472,1,high,10,NonSocial,6927.87084960938,0,0,0,0,0,0,0,0,0,0,0,0,0,24,15,1,10,12,5,4,1,8,6,16,27,0,0,0,0,0,0,0,0,0,0,0,0,0,0,0,0,0,0,0,0,0,0,0,0,0,0
227206573,0,high,11,NonSocial,6933.79434204102,0,0,0,0,0,0,0,0,0,0,0,0,0,12,9,0,7,11,3,5,0,2,3,11,25,0,0,0,0,0,0,0,0,0,0,0,0,0,0,0,0,0,0,0,0,0,0,0,0,0,0
227400690,1,high,12,NonSocial,6939.71832275391,0,0,0,0,0,0,0,0,0,0,0,0,0,16,2,2,6,16,0,3,0,2,2,11,28,0,0,0,0,0,0,0,0,0,0,0,0,0,0,0,0,0,0,0,0,0,0,0,0,0,0
227594811,0,high,13,NonSocial,6945.64242553711,0,0,0,0,0,0,0,0,0,0,0,0,0,19,4,11,12,16,0,1,0,5,6,12,18,0,0,0,0,0,0,0,0,0,0,0,0,0,0,0,0,0,0,0,0,0,0,0,0,0,0
227788931,1,high,14,NonSocial,6951.56649780273,0,0,0,0,0,0,0,0,0,0,0,0,0,11,5,2,11,25,1,3,0,11,3,9,13,0,0,0,0,0,0,0,0,0,0,0,0,0,0,0,0,0,0,0,0,0,0,0,0,0,0
227983080,1,high,15,NonSocial,6957.49145507812,0,0,0,0,0,0,0,0,0,0,0,0,0,21,8,1,6,17,3,8,0,4,9,15,17,0,0,0,0,0,0,0,0,0,0,0,0,0,0,0,0,0,0,0,0,0,0,0,0,0,0
228177196,1,high,16,NonSocial,6963.41540527344,0,0,0,0,0,0,0,0,0,0,0,0,0,10,10,0,9,27,2,2,0,12,4,17,28,0,0,0,0,0,0,0,0,0,0,0,0,0,0,0,0,0,0,0,0,0,0,0,0,0,0
228371322,1,high,17,NonSocial,6969.33966064453,0,0,0,0,0,0,0,0,0,0,0,0,0,9,2,2,2,26,0,2,1,2,1,10,15,0,0,0,0,0,0,0,0,0,0,0,0,0,0,0,0,0,0,0,0,0,0,0,0,0,0
228565417,0,high,18,NonSocial,6975.2629699707,0,0,0,0,0,0,0,0,0,0,0,0,0,11,6,0,7,17,3,1,1,6,0,7,13,0,0,0,0,0,0,0,0,0,0,0,0,0,0,0,0,0,0,0,0,0,0,0,0,0,0
228759537,1,high,19,NonSocial,6981.18704223633,0,0,0,0,0,0,0,0,0,0,0,0,0,21,7,1,9,15,2,6,0,5,1,10,17,0,0,0,0,0,0,0,0,0,0,0,0,0,0,0,0,0,0,0,0,0,0,0,0,0,0
228953683,1,high,20,NonSocial,6987.11190795898,0,0,0,0,0,0,0,0,0,0,0,0,0,14,3,5,2,27,1,0,0,21,2,7,16,0,0,0,0,0,0,0,0,0,0,0,0,0,0,0,0,0,0,0,0,0,0,0,0,0,0
229204866,1,high,21,NonSocial,6994.77740478516,0,0,0,0,0,0,0,0,0,0,0,0,0,27,5,9,8,21,0,2,0,17,2,18,23,0,0,0,0,0,0,0,0,0,0,0,0,0,0,0,0,0,0,0,0,0,0,0,0,0,0
229398987,1,high,22,NonSocial,7000.70150756836,0,0,0,0,0,0,0,0,0,0,0,0,0,13,0,4,6,28,2,0,0,10,2,6,15,0,0,0,0,0,0,0,0,0,0,0,0,0,0,0,0,0,0,0,0,0,0,0,0,0,0
229593107,1,high,23,NonSocial,7006.62557983398,0,0,0,0,0,0,0,0,0,0,0,0,0,12,4,0,3,18,2,0,0,8,2,4,12,0,0,0,0,0,0,0,0,0,0,0,0,0,0,0,0,0,0,0,0,0,0,0,0,0,0
229787204,0,high,24,NonSocial,7012.54895019531,0,0,0,0,0,0,0,0,0,0,0,0,0,16,1,8,5,21,1,2,0,14,3,10,9,0,0,0,0,0,0,0,0,0,0,0,0,0,0,0,0,0,0,0,0,0,0,0,0,0,0
229981326,1,high,25,NonSocial,7018.47308349609,0,0,0,0,0,0,0,0,0,0,0,0,0,15,5,2,5,21,0,2,0,8,4,7,18,0,0,0,0,0,0,0,0,0,0,0,0,0,0,0,0,0,0,0,0,0,0,0,0,0,0
230175474,1,high,26,NonSocial,7024.39801025391,0,0,0,0,0,0,0,0,0,0,0,0,0,11,12,0,11,15,1,3,0,0,4,13,11,0,0,0,0,0,0,0,0,0,0,0,0,0,0,0,0,0,0,0,0,0,0,0,0,0,0
230369567,0,high,27,NonSocial,7030.32125854492,0,0,0,0,0,0,0,0,0,0,0,0,0,25,7,0,12,14,1,3,1,2,1,11,16,0,0,0,0,0,0,0,0,0,0,0,0,0,0,0,0,0,0,0,0,0,0,0,0,0,0
230563692,1,high,28,NonSocial,7036.24548339844,0,0,0,0,0,0,0,0,0,0,0,0,0,10,2,3,4,16,0,7,0,5,3,4,16,0,0,0,0,0,0,0,0,0,0,0,0,0,0,0,0,0,0,0,0,0,0,0,0,0,0
230757839,1,high,29,NonSocial,7042.17037963867,0,0,0,0,0,0,0,0,0,0,0,0,0,21,7,0,7,21,2,2,0,5,1,7,7,0,0,0,0,0,0,0,0,0,0,0,0,0,0,0,0,0,0,0,0,0,0,0,0,0,0
230951957,1,high,30,NonSocial,7048.09439086914,0,0,0,0,0,0,0,0,0,0,0,0,0,12,3,1,11,22,0,3,1,17,0,15,16,0,0,0,0,0,0,0,0,0,0,0,0,0,0,0,0,0,0,0,0,0,0,0,0,0,0
231146076,1,high,31,NonSocial,7054.01843261719,0,0,0,0,0,0,0,0,0,0,0,0,0,22,3,4,6,25,1,3,0,9,1,10,14,0,0,0,0,0,0,0,0,0,0,0,0,0,0,0,0,0,0,0,0,0,0,0,0,0,0
231340184,0,high,32,NonSocial,7059.94213867188,0,0,0,0,0,0,0,0,0,0,0,0,0,23,15,0,18,17,2,2,2,13,6,17,31,0,0,0,0,0,0,0,0,0,0,0,0,0,0,0,0,0,0,0,0,0,0,0,0,0,0
231534294,1,high,33,NonSocial,7065.86590576172,0,0,0,0,0,0,0,0,0,0,0,0,0,11,4,4,10,26,1,2,0,8,2,13,20,0,0,0,0,0,0,0,0,0,0,0,0,0,0,0,0,0,0,0,0,0,0,0,0,0,0
231728442,1,high,34,NonSocial,7071.79083251953,0,0,0,0,0,0,0,0,0,0,0,0,0,32,8,0,11,18,3,3,0,9,2,17,25,0,0,0,0,0,0,0,0,0,0,0,0,0,0,0,0,0,0,0,0,0,0,0,0,0,0
231922559,1,high,35,NonSocial,7077.71481323242,0,0,0,0,0,0,0,0,0,0,0,0,0,15,8,0,8,15,1,6,0,7,6,9,25,0,0,0,0,0,0,0,0,0,0,0,0,0,0,0,0,0,0,0,0,0,0,0,0,0,0
232116687,1,high,36,NonSocial,7083.63912963867,0,0,0,0,0,0,0,0,0,0,0,0,0,13,1,8,7,28,0,0,0,4,1,6,8,0,0,0,0,0,0,0,0,0,0,0,0,0,0,0,0,0,0,0,0,0,0,0,0,0,0
232310810,1,high,37,NonSocial,7089.56329345703,0,0,0,0,0,0,0,0,0,0,0,0,0,13,4,6,8,15,3,6,0,2,1,9,10,0,0,0,0,0,0,0,0,0,0,0,0,0,0,0,0,0,0,0,0,0,0,0,0,0,0
232504899,0,high,38,NonSocial,7095.48641967773,0,0,0,0,0,0,0,0,0,0,0,0,0,21,6,2,8,22,0,2,1,11,1,5,16,0,0,0,0,0,0,0,0,0,0,0,0,0,0,0,0,0,0,0,0,0,0,0,0,0,0
232699020,1,high,39,NonSocial,7101.41052246094,0,0,0,0,0,0,0,0,0,0,0,0,0,18,6,5,5,21,1,4,0,8,4,11,19,0,0,0,0,0,0,0,0,0,0,0,0,0,0,0,0,0,0,0,0,0,0,0,0,0,0
232893141,0,high,40,NonSocial,7107.33462524414,0,0,0,0,0,0,0,0,0,0,0,0,0,21,7,0,5,19,0,0,0,1,2,11,12,0,0,0,0,0,0,0,0,0,0,0,0,0,0,0,0,0,0,0,0,0,0,0,0,0,0
233087264,1,high,41,NonSocial,7113.2587890625,0,0,0,0,0,0,0,0,0,0,0,0,0,16,4,6,9,26,0,6,0,6,1,9,13,0,0,0,0,0,0,0,0,0,0,0,0,0,0,0,0,0,0,0,0,0,0,0,0,0,0
233281407,1,high,42,NonSocial,7119.18356323242,0,0,0,0,0,0,0,0,0,0,0,0,0,18,13,0,5,16,1,6,1,4,8,9,21,0,0,0,0,0,0,0,0,0,0,0,0,0,0,0,0,0,0,0,0,0,0,0,0,0,0
233475532,1,high,43,NonSocial,7125.10778808594,0,0,0,0,0,0,0,0,0,0,0,0,0,27,3,0,10,18,0,1,1,10,3,18,19,0,0,0,0,0,0,0,0,0,0,0,0,0,0,0,0,0,0,0,0,0,0,0,0,0,0
233669654,1,high,44,NonSocial,7131.03192138672,0,0,0,0,0,0,0,0,0,0,0,0,0,18,9,0,10,17,0,3,0,7,1,8,25,0,0,0,0,0,0,0,0,0,0,0,0,0,0,0,0,0,0,0,0,0,0,0,0,0,0
233913437,0,high,45,NonSocial,7138.47158813477,0,0,0,0,0,0,0,0,0,0,0,0,0,27,2,0,5,16,6,0,0,5,3,10,18,0,0,0,0,0,0,0,0,0,0,0,0,0,0,0,0,0,0,0,0,0,0,0,0,0,0
172277167,0,low,1,Social,5257.48190307617,0,0,0,0,0,0,0,0,0,0,0,0,0,13,8,6,3,26,1,1,1,11,5,10,12,0,0,0,0,0,0,0,0,0,0,0,0,0,0,0,0,0,0,0,0,0,0,0,0,0,0
172471287,0,low,2,Social,5263.4059753418,0,0,0,0,0,0,0,0,0,0,0,0,0,16,3,3,3,22,3,6,0,15,0,10,14,0,0,0,0,0,0,0,0,0,0,0,0,0,0,0,0,0,0,0,0,0,0,0,0,0,0
172665411,0,low,3,Social,5269.33016967773,0,0,0,0,0,0,0,0,0,0,0,0,0,17,4,3,0,26,3,1,0,7,17,15,9,0,0,0,0,0,0,0,0,0,0,0,0,0,0,0,0,0,0,0,0,0,0,0,0,0,0
172859532,0,low,4,Social,5275.25427246094,0,0,0,0,0,0,0,0,0,0,0,0,0,17,1,0,5,16,2,2,0,4,1,4,14,0,0,0,0,0,0,0,0,0,0,0,0,0,0,0,0,0,0,0,0,0,0,0,0,0,0
173053654,0,low,5,Social,5281.17840576172,0,0,0,0,0,0,0,0,0,0,0,0,0,16,5,2,4,20,1,2,0,11,3,5,12,0,0,0,0,0,0,0,0,0,0,0,0,0,0,0,0,0,0,0,0,0,0,0,0,0,0
173397120,0,low,6,Social,5291.66015625,0,0,0,0,0,0,0,0,0,0,0,0,0,14,5,5,1,24,2,4,1,7,2,6,5,0,0,0,0,0,0,0,0,0,0,0,0,0,0,0,0,0,0,0,0,0,0,0,0,0,0
173591241,0,low,7,Social,5297.5842590332,0,0,0,0,0,0,0,0,0,0,0,0,0,22,2,5,5,21,5,7,0,6,6,10,12,0,0,0,0,0,0,0,0,0,0,0,0,0,0,0,0,0,0,0,0,0,0,0,0,0,0
173785360,0,low,8,Social,5303.50830078125,0,0,0,0,0,0,0,0,0,0,0,0,0,15,0,4,3,21,3,0,0,12,3,5,7,0,0,0,0,0,0,0,0,0,0,0,0,0,0,0,0,0,0,0,0,0,0,0,0,0,0
173979482,0,low,9,Social,5309.43243408203,0,0,0,0,0,0,0,0,0,0,0,0,0,13,8,1,9,27,4,3,0,2,7,10,10,0,0,0,0,0,0,0,0,0,0,0,0,0,0,0,0,0,0,0,0,0,0,0,0,0,0
174173577,1,low,10,Social,5315.3557434082,0,0,0,0,0,0,0,0,0,0,0,0,0,20,4,3,4,36,3,2,0,16,3,11,17,0,0,0,0,0,0,0,0,0,0,0,0,0,0,0,0,0,0,0,0,0,0,0,0,0,0
174367697,0,low,11,Social,5321.27981567383,0,0,0,0,0,0,0,0,0,0,0,0,0,11,12,0,8,14,2,2,0,8,5,8,15,0,0,0,0,0,0,0,0,0,0,0,0,0,0,0,0,0,0,0,0,0,0,0,0,0,0
174561847,0,low,12,Social,5327.2048034668,0,0,0,0,0,0,0,0,0,0,0,0,0,16,3,1,10,20,4,7,0,10,3,7,16,0,0,0,0,0,0,0,0,0,0,0,0,0,0,0,0,0,0,0,0,0,0,0,0,0,0
174755963,0,low,13,Social,5333.12875366211,0,0,0,0,0,0,0,0,0,0,0,0,0,18,1,8,9,28,2,5,0,15,3,16,22,0,0,0,0,0,0,0,0,0,0,0,0,0,0,0,0,0,0,0,0,0,0,0,0,0,0
174950092,0,low,14,Social,5339.05310058594,0,0,0,0,0,0,0,0,0,0,0,0,0,22,12,0,11,11,2,8,0,3,11,13,24,0,0,0,0,0,0,0,0,0,0,0,0,0,0,0,0,0,0,0,0,0,0,0,0,0,0
175144206,0,low,15,Social,5344.97698974609,0,0,0,0,0,0,0,0,0,0,0,0,0,11,8,3,5,21,4,2,5,9,5,10,14,0,0,0,0,0,0,0,0,0,0,0,0,0,0,0,0,0,0,0,0,0,0,0,0,0,0
175338330,0,low,16,Social,5350.90118408203,0,0,0,0,0,0,0,0,0,0,0,0,0,24,10,1,17,11,3,8,0,0,12,16,29,0,0,0,0,0,0,0,0,0,0,0,0,0,0,0,0,0,0,0,0,0,0,0,0,0,0
175532449,0,low,17,Social,5356.82522583008,0,0,0,0,0,0,0,0,0,0,0,0,0,22,10,2,17,29,0,6,0,2,8,16,27,0,0,0,0,0,0,0,0,0,0,0,0,0,0,0,0,0,0,0,0,0,0,0,0,0,0
175726545,1,low,18,Social,5362.74856567383,0,0,0,0,0,0,0,0,0,0,0,0,0,14,17,1,18,17,2,6,9,20,6,11,20,0,0,0,0,0,0,0,0,0,0,0,0,0,0,0,0,0,0,0,0,0,0,0,0,0,0
175920665,0,low,19,Social,5368.67263793945,0,0,0,0,0,0,0,0,0,0,0,0,0,16,1,3,8,19,2,3,0,6,4,7,12,0,0,0,0,0,0,0,0,0,0,0,0,0,0,0,0,0,0,0,0,0,0,0,0,0,0
176114786,1,low,20,Social,5374.59674072266,0,0,0,0,0,0,0,0,0,0,0,0,0,27,6,0,9,13,4,3,0,5,3,18,26,0,0,0,0,0,0,0,0,0,0,0,0,0,0,0,0,0,0,0,0,0,0,0,0,0,0
176397368,0,low,21,Social,5383.22045898438,0,0,0,0,0,0,0,0,0,0,0,0,0,15,6,0,15,13,3,2,0,8,7,6,14,0,0,0,0,0,0,0,0,0,0,0,0,0,0,0,0,0,0,0,0,0,0,0,0,0,0
176591518,0,low,22,Social,5389.14544677734,0,0,0,0,0,0,0,0,0,0,0,0,0,14,4,0,15,15,2,2,0,12,2,9,25,0,0,0,0,0,0,0,0,0,0,0,0,0,0,0,0,0,0,0,0,0,0,0,0,0,0
176785636,0,low,23,Social,5395.06945800781,0,0,0,0,0,0,0,0,0,0,0,0,0,32,17,0,20,4,2,4,0,6,6,12,15,0,0,0,0,0,0,0,0,0,0,0,0,0,0,0,0,0,0,0,0,0,0,0,0,0,0
176979734,1,low,24,Social,5400.99285888672,0,0,0,0,0,0,0,0,0,0,0,0,0,23,4,2,0,25,1,2,0,4,3,13,18,0,0,0,0,0,0,0,0,0,0,0,0,0,0,0,0,0,0,0,0,0,0,0,0,0,0
177173852,0,low,25,Social,5406.91687011719,0,0,0,0,0,0,0,0,0,0,0,0,0,23,5,0,5,14,1,2,0,6,4,6,14,0,0,0,0,0,0,0,0,0,0,0,0,0,0,0,0,0,0,0,0,0,0,0,0,0,0
177368003,0,low,26,Social,5412.84188842773,0,0,0,0,0,0,0,0,0,0,0,0,0,18,10,0,8,9,2,2,0,0,5,13,15,0,0,0,0,0,0,0,0,0,0,0,0,0,0,0,0,0,0,0,0,0,0,0,0,0,0
177562123,0,low,27,Social,5418.76596069336,0,0,0,0,0,0,0,0,0,0,0,0,0,16,10,0,9,19,3,3,0,6,3,9,23,0,0,0,0,0,0,0,0,0,0,0,0,0,0,0,0,0,0,0,0,0,0,0,0,0,0
177756241,0,low,28,Social,5424.68997192383,0,0,0,0,0,0,0,0,0,0,0,0,0,20,2,0,7,30,4,1,0,7,6,13,20,0,0,0,0,0,0,0,0,0,0,0,0,0,0,0,0,0,0,0,0,0,0,0,0,0,0
177950360,0,low,29,Social,5430.61401367188,0,0,0,0,0,0,0,0,0,0,0,0,0,28,6,0,4,24,1,3,0,15,5,9,16,0,0,0,0,0,0,0,0,0,0,0,0,0,0,0,0,0,0,0,0,0,0,0,0,0,0
178144483,0,low,30,Social,5436.53817749023,0,0,0,0,0,0,0,0,0,0,0,0,0,12,5,0,11,14,3,13,0,0,8,14,14,0,0,0,0,0,0,0,0,0,0,0,0,0,0,0,0,0,0,0,0,0,0,0,0,0,0
178338580,1,low,31,Social,5442.46154785156,0,0,0,0,0,0,0,0,0,0,0,0,0,18,6,3,13,12,2,3,1,16,7,7,22,0,0,0,0,0,0,0,0,0,0,0,0,0,0,0,0,0,0,0,0,0,0,0,0,0,0
178532699,0,low,32,Social,5448.38558959961,0,0,0,0,0,0,0,0,0,0,0,0,0,13,3,3,7,23,3,1,1,22,10,19,15,0,0,0,0,0,0,0,0,0,0,0,0,0,0,0,0,0,0,0,0,0,0,0,0,0,0
178726820,1,low,33,Social,5454.30969238281,0,0,0,0,0,0,0,0,0,0,0,0,0,25,8,0,2,17,2,2,0,3,2,16,22,0,0,0,0,0,0,0,0,0,0,0,0,0,0,0,0,0,0,0,0,0,0,0,0,0,0
178920941,0,low,34,Social,5460.23379516602,0,0,0,0,0,0,0,0,0,0,0,0,0,13,13,0,4,6,1,3,0,3,2,12,23,0,0,0,0,0,0,0,0,0,0,0,0,0,0,0,0,0,0,0,0,0,0,0,0,0,0
179115089,0,low,35,Social,5466.15872192383,0,0,0,0,0,0,0,0,0,0,0,0,0,12,6,2,10,15,5,4,0,3,5,10,12,0,0,0,0,0,0,0,0,0,0,0,0,0,0,0,0,0,0,0,0,0,0,0,0,0,0
179309208,0,low,36,Social,5472.08276367188,0,0,0,0,0,0,0,0,0,0,0,0,0,16,3,6,6,26,4,2,0,13,1,15,10,0,0,0,0,0,0,0,0,0,0,0,0,0,0,0,0,0,0,0,0,0,0,0,0,0,0
179503334,0,low,37,Social,5478.00701904297,0,0,0,0,0,0,0,0,0,0,0,0,0,22,5,2,8,21,3,3,2,6,9,5,17,0,0,0,0,0,0,0,0,0,0,0,0,0,0,0,0,0,0,0,0,0,0,0,0,0,0
179697454,0,low,38,Social,5483.93109130859,0,0,0,0,0,0,0,0,0,0,0,0,0,9,8,2,8,15,1,6,0,0,10,10,15,0,0,0,0,0,0,0,0,0,0,0,0,0,0,0,0,0,0,0,0,0,0,0,0,0,0
179891570,0,low,39,Social,5489.85504150391,0,0,0,0,0,0,0,0,0,0,0,0,0,20,8,0,6,16,2,2,4,16,8,13,12,0,0,0,0,0,0,0,0,0,0,0,0,0,0,0,0,0,0,0,0,0,0,0,0,0,0
180085696,0,low,40,Social,5495.779296875,0,0,0,0,0,0,0,0,0,0,0,0,0,8,7,1,6,13,1,5,0,11,8,10,13,0,0,0,0,0,0,0,0,0,0,0,0,0,0,0,0,0,0,0,0,0,0,0,0,0,0
180279812,0,low,41,Social,5501.70324707031,0,0,0,0,0,0,0,0,0,0,0,0,0,19,7,0,8,13,3,2,0,2,7,18,20,0,0,0,0,0,0,0,0,0,0,0,0,0,0,0,0,0,0,0,0,0,0,0,0,0,0
180473935,0,low,42,Social,5507.62741088867,0,0,0,0,0,0,0,0,0,0,0,0,0,14,7,0,9,19,2,1,0,5,3,8,11,0,0,0,0,0,0,0,0,0,0,0,0,0,0,0,0,0,0,0,0,0,0,0,0,0,0
180668052,0,low,43,Social,5513.55139160156,0,0,0,0,0,0,0,0,0,0,0,0,0,11,5,1,6,15,1,1,0,5,7,12,21,0,0,0,0,0,0,0,0,0,0,0,0,0,0,0,0,0,0,0,0,0,0,0,0,0,0
180862175,0,low,44,Social,5519.47555541992,0,0,0,0,0,0,0,0,0,0,0,0,0,11,4,3,10,21,2,5,0,2,4,12,8,0,0,0,0,0,0,0,0,0,0,0,0,0,0,0,0,0,0,0,0,0,0,0,0,0,0
181056296,0,low,45,Social,5525.39965820312,0,0,0,0,0,0,0,0,0,0,0,0,0,16,2,0,4,14,2,1,0,12,6,7,17,0,0,0,0,0,0,0,0,0,0,0,0,0,0,0,0,0,0,0,0,0,0,0,0,0,0
185666591,0,low,46,Social,5666.09469604492,0,0,0,0,0,0,0,0,0,0,0,0,0,14,5,2,7,14,6,3,0,7,1,14,6,0,0,0,0,0,0,0,0,0,0,0,0,0,0,0,0,0,0,0,0,0,0,0,0,0,0
185860727,0,low,47,Social,5672.0192565918,0,0,0,0,0,0,0,0,0,0,0,0,0,14,2,3,9,22,3,3,0,11,5,11,12,0,0,0,0,0,0,0,0,0,0,0,0,0,0,0,0,0,0,0,0,0,0,0,0,0,0
186054853,0,low,48,Social,5677.94351196289,0,0,0,0,0,0,0,0,0,0,0,0,0,13,2,0,8,18,2,2,4,15,0,7,10,0,0,0,0,0,0,0,0,0,0,0,0,0,0,0,0,0,0,0,0,0,0,0,0,0,0
186248967,0,low,49,Social,5683.86740112305,0,0,0,0,0,0,0,0,0,0,0,0,0,11,5,5,7,24,3,7,0,13,4,14,15,0,0,0,0,0,0,0,0,0,0,0,0,0,0,0,0,0,0,0,0,0,0,0,0,0,0
186443090,0,low,50,Social,5689.79156494141,0,0,0,0,0,0,0,0,0,0,0,0,0,24,5,4,14,18,0,0,0,10,2,14,8,0,0,0,0,0,0,0,0,0,0,0,0,0,0,0,0,0,0,0,0,0,0,0,0,0,0
186746967,0,low,51,Social,5699.0651550293,0,0,0,0,0,0,0,0,0,0,0,0,0,28,9,0,8,16,3,3,0,6,6,16,15,0,0,0,0,0,0,0,0,0,0,0,0,0,0,0,0,0,0,0,0,0,0,0,0,0,0
186941061,1,low,52,Social,5704.98843383789,0,0,0,0,0,0,0,0,0,0,0,0,0,21,5,8,2,31,0,6,0,10,3,11,13,0,0,0,0,0,0,0,0,0,0,0,0,0,0,0,0,0,0,0,0,0,0,0,0,0,0
187135182,0,low,53,Social,5710.91253662109,0,0,0,0,0,0,0,0,0,0,0,0,0,12,5,0,13,9,3,1,0,0,9,8,19,0,0,0,0,0,0,0,0,0,0,0,0,0,0,0,0,0,0,0,0,0,0,0,0,0,0
187329331,0,low,54,Social,5716.83749389648,0,0,0,0,0,0,0,0,0,0,0,0,0,22,11,0,8,21,0,3,2,2,3,15,37,0,0,0,0,0,0,0,0,0,0,0,0,0,0,0,0,0,0,0,0,0,0,0,0,0,0
187523448,0,low,55,Social,5722.76147460938,0,0,0,0,0,0,0,0,0,0,0,0,0,23,10,0,9,18,1,4,0,5,2,14,19,0,0,0,0,0,0,0,0,0,0,0,0,0,0,0,0,0,0,0,0,0,0,0,0,0,0
187717570,0,low,56,Social,5728.68560791016,0,0,0,0,0,0,0,0,0,0,0,0,0,17,8,0,5,15,5,2,0,6,6,19,18,0,0,0,0,0,0,0,0,0,0,0,0,0,0,0,0,0,0,0,0,0,0,0,0,0,0
187911701,0,low,57,Social,5734.61001586914,0,0,0,0,0,0,0,0,0,0,0,0,0,18,8,3,8,18,2,5,0,5,4,9,22,0,0,0,0,0,0,0,0,0,0,0,0,0,0,0,0,0,0,0,0,0,0,0,0,0,0
188105787,1,low,58,Social,5740.53305053711,0,0,0,0,0,0,0,0,0,0,0,0,0,25,4,7,4,29,1,3,1,7,2,4,21,0,0,0,0,0,0,0,0,0,0,0,0,0,0,0,0,0,0,0,0,0,0,0,0,0,0
188299907,0,low,59,Social,5746.45712280273,0,0,0,0,0,0,0,0,0,0,0,0,0,22,2,6,2,21,2,5,0,1,0,15,17,0,0,0,0,0,0,0,0,0,0,0,0,0,0,0,0,0,0,0,0,0,0,0,0,0,0
188494028,1,low,60,Social,5752.38122558594,0,0,0,0,0,0,0,0,0,0,0,0,0,20,0,3,2,25,4,1,0,18,0,17,6,0,0,0,0,0,0,0,0,0,0,0,0,0,0,0,0,0,0,0,0,0,0,0,0,0,0
188688175,1,low,61,Social,5758.30612182617,0,0,0,0,0,0,0,0,0,0,0,0,0,20,3,5,5,21,5,3,0,1,3,7,19,0,0,0,0,0,0,0,0,0,0,0,0,0,0,0,0,0,0,0,0,0,0,0,0,0,0
188882271,0,low,62,Social,5764.22946166992,0,0,0,0,0,0,0,0,0,0,0,0,0,24,6,4,4,20,4,2,0,2,1,9,20,0,0,0,0,0,0,0,0,0,0,0,0,0,0,0,0,0,0,0,0,0,0,0,0,0,0
189076415,0,low,63,Social,5770.15426635742,0,0,0,0,0,0,0,0,0,0,0,0,0,26,1,2,7,18,4,1,0,9,2,6,12,0,0,0,0,0,0,0,0,0,0,0,0,0,0,0,0,0,0,0,0,0,0,0,0,0,0
189270539,0,low,64,Social,5776.07846069336,0,0,0,0,0,0,0,0,0,0,0,0,0,14,11,4,3,27,3,1,0,3,4,10,11,0,0,0,0,0,0,0,0,0,0,0,0,0,0,0,0,0,0,0,0,0,0,0,0,0,0
189464633,1,low,65,Social,5782.00173950195,0,0,0,0,0,0,0,0,0,0,0,0,0,18,10,0,6,18,1,6,0,7,5,10,17,0,0,0,0,0,0,0,0,0,0,0,0,0,0,0,0,0,0,0,0,0,0,0,0,0,0
189758707,1,low,66,Social,5790.97616577148,0,0,0,0,0,0,0,0,0,0,0,0,0,25,7,0,7,14,3,3,0,7,1,23,22,0,0,0,0,0,0,0,0,0,0,0,0,0,0,0,0,0,0,0,0,0,0,0,0,0,0
189952803,0,low,67,Social,5796.89950561523,0,0,0,0,0,0,0,0,0,0,0,0,0,25,3,6,6,23,3,2,0,5,1,11,23,0,0,0,0,0,0,0,0,0,0,0,0,0,0,0,0,0,0,0,0,0,0,0,0,0,0
190146950,0,low,68,Social,5802.82440185547,0,0,0,0,0,0,0,0,0,0,0,0,0,15,4,8,8,20,3,3,0,7,8,10,28,0,0,0,0,0,0,0,0,0,0,0,0,0,0,0,0,0,0,0,0,0,0,0,0,0,0
190341070,0,low,69,Social,5808.74847412109,0,0,0,0,0,0,0,0,0,0,0,0,0,20,8,0,11,9,6,1,0,6,8,11,16,0,0,0,0,0,0,0,0,0,0,0,0,0,0,0,0,0,0,0,0,0,0,0,0,0,0
190535191,0,low,70,Social,5814.6725769043,0,0,0,0,0,0,0,0,0,0,0,0,0,10,10,1,9,22,2,3,0,10,3,14,19,0,0,0,0,0,0,0,0,0,0,0,0,0,0,0,0,0,0,0,0,0,0,0,0,0,0
190729314,0,low,71,Social,5820.59674072266,0,0,0,0,0,0,0,0,0,0,0,0,0,11,9,0,14,13,1,4,0,2,7,16,21,0,0,0,0,0,0,0,0,0,0,0,0,0,0,0,0,0,0,0,0,0,0,0,0,0,0
190923432,0,low,72,Social,5826.52075195312,0,0,0,0,0,0,0,0,0,0,0,0,0,18,2,7,5,21,1,2,0,2,6,4,20,0,0,0,0,0,0,0,0,0,0,0,0,0,0,0,0,0,0,0,0,0,0,0,0,0,0
191117556,0,low,73,Social,5832.44494628906,0,0,0,0,0,0,0,0,0,0,0,0,0,14,2,10,5,22,3,4,0,2,3,9,7,0,0,0,0,0,0,0,0,0,0,0,0,0,0,0,0,0,0,0,0,0,0,0,0,0,0
191311673,0,low,74,Social,5838.36892700195,0,0,0,0,0,0,0,0,0,0,0,0,0,12,4,3,5,13,1,5,0,5,6,10,20,0,0,0,0,0,0,0,0,0,0,0,0,0,0,0,0,0,0,0,0,0,0,0,0,0,0
191505797,0,low,75,Social,5844.29312133789,0,0,0,0,0,0,0,0,0,0,0,0,0,16,3,10,14,14,0,2,0,10,3,8,11,0,0,0,0,0,0,0,0,0,0,0,0,0,0,0,0,0,0,0,0,0,0,0,0,0,0
191699917,0,low,76,Social,5850.21719360352,0,0,0,0,0,0,0,0,0,0,0,0,0,36,3,3,20,20,2,3,1,26,3,11,11,0,0,0,0,0,0,0,0,0,0,0,0,0,0,0,0,0,0,0,0,0,0,0,0,0,0
191894013,1,low,77,Social,5856.14053344727,0,0,0,0,0,0,0,0,0,0,0,0,0,23,6,3,8,28,5,7,0,8,5,14,34,0,0,0,0,0,0,0,0,0,0,0,0,0,0,0,0,0,0,0,0,0,0,0,0,0,0
192088160,1,low,78,Social,5862.0654296875,0,0,0,0,0,0,0,0,0,0,0,0,0,36,2,4,1,22,0,5,0,7,0,9,12,0,0,0,0,0,0,0,0,0,0,0,0,0,0,0,0,0,0,0,0,0,0,0,0,0,0
192282256,0,low,79,Social,5867.98876953125,0,0,0,0,0,0,0,0,0,0,0,0,0,15,9,0,9,16,3,5,1,6,5,13,18,0,0,0,0,0,0,0,0,0,0,0,0,0,0,0,0,0,0,0,0,0,0,0,0,0,0
192476395,0,low,80,Social,5873.91342163086,0,0,0,0,0,0,0,0,0,0,0,0,0,18,6,7,6,21,2,5,0,2,3,9,20,0,0,0,0,0,0,0,0,0,0,0,0,0,0,0,0,0,0,0,0,0,0,0,0,0,0
192670497,1,low,81,Social,5879.83694458008,0,0,0,0,0,0,0,0,0,0,0,0,0,17,3,6,2,22,3,5,0,9,0,16,17,0,0,0,0,0,0,0,0,0,0,0,0,0,0,0,0,0,0,0,0,0,0,0,0,0,0
192864645,1,low,82,Social,5885.76187133789,0,0,0,0,0,0,0,0,0,0,0,0,0,10,4,14,6,17,3,2,1,8,9,12,17,0,0,0,0,0,0,0,0,0,0,0,0,0,0,0,0,0,0,0,0,0,0,0,0,0,0
193058740,0,low,83,Social,5891.68518066406,0,0,0,0,0,0,0,0,0,0,0,0,0,12,9,3,14,17,1,3,0,2,10,4,18,0,0,0,0,0,0,0,0,0,0,0,0,0,0,0,0,0,0,0,0,0,0,0,0,0,0
193252862,1,low,84,Social,5897.60931396484,0,0,0,0,0,0,0,0,0,0,0,0,0,31,6,2,2,21,1,3,0,2,4,16,19,0,0,0,0,0,0,0,0,0,0,0,0,0,0,0,0,0,0,0,0,0,0,0,0,0,0
193446981,0,low,85,Social,5903.53335571289,0,0,0,0,0,0,0,0,0,0,0,0,0,10,8,0,9,18,1,6,0,10,6,10,15,0,0,0,0,0,0,0,0,0,0,0,0,0,0,0,0,0,0,0,0,0,0,0,0,0,0
193641127,0,low,86,Social,5909.45822143555,0,0,0,0,0,0,0,0,0,0,0,0,0,25,3,1,2,27,3,1,0,4,1,12,10,0,0,0,0,0,0,0,0,0,0,0,0,0,0,0,0,0,0,0,0,0,0,0,0,0,0
193835223,1,low,87,Social,5915.3815612793,0,0,0,0,0,0,0,0,0,0,0,0,0,13,7,10,11,15,6,6,0,1,12,9,28,0,0,0,0,0,0,0,0,0,0,0,0,0,0,0,0,0,0,0,0,0,0,0,0,0,0
194029345,0,low,88,Social,5921.30569458008,0,0,0,0,0,0,0,0,0,0,0,0,0,22,16,4,8,14,3,3,0,0,11,16,35,0,0,0,0,0,0,0,0,0,0,0,0,0,0,0,0,0,0,0,0,0,0,0,0,0,0
194223465,1,low,89,Social,5927.2297668457,0,0,0,0,0,0,0,0,0,0,0,0,0,17,3,5,3,18,4,1,0,6,1,7,19,0,0,0,0,0,0,0,0,0,0,0,0,0,0,0,0,0,0,0,0,0,0,0,0,0,0
194417587,0,low,90,Social,5933.15390014648,0,0,0,0,0,0,0,0,0,0,0,0,0,22,10,0,9,8,2,4,0,1,8,11,12,0,0,0,0,0,0,0,0,0,0,0,0,0,0,0,0,0,0,0,0,0,0,0,0,0,0
153308488,1,med,1,Social,4678.60375976562,0,0,0,0,0,0,0,0,0,0,0,0,0,9,5,0,8,18,4,4,1,7,8,11,16,0,0,0,0,0,0,0,0,0,0,0,0,0,0,0,0,0,0,0,0,0,0,0,0,0,0
153502560,0,med,2,Social,4684.5263671875,0,0,0,0,0,0,0,0,0,0,0,0,0,11,4,5,2,35,2,2,0,11,0,9,24,0,0,0,0,0,0,0,0,0,0,0,0,0,0,0,0,0,0,0,0,0,0,0,0,0,0
153696703,0,med,3,Social,4690.45114135742,0,0,0,0,0,0,0,0,0,0,0,0,0,16,17,2,12,23,8,2,0,9,6,10,25,0,0,0,0,0,0,0,0,0,0,0,0,0,0,0,0,0,0,0,0,0,0,0,0,0,0
154297631,0,med,4,Social,4708.79000854492,0,0,0,0,0,0,0,0,0,0,0,0,0,19,3,6,4,25,3,2,0,12,1,4,9,0,0,0,0,0,0,0,0,0,0,0,0,0,0,0,0,0,0,0,0,0,0,0,0,0,0
154493996,0,med,5,Social,4714.78259277344,0,0,0,0,0,0,0,0,0,0,0,0,0,14,6,3,3,23,4,3,1,11,3,11,18,0,0,0,0,0,0,0,0,0,0,0,0,0,0,0,0,0,0,0,0,0,0,0,0,0,0
154688059,0,med,6,Social,4720.70492553711,0,0,0,0,0,0,0,0,0,0,0,0,0,19,1,0,5,19,7,1,0,6,1,2,12,0,0,0,0,0,0,0,0,0,0,0,0,0,0,0,0,0,0,0,0,0,0,0,0,0,0
154882154,1,med,7,Social,4726.62823486328,0,0,0,0,0,0,0,0,0,0,0,0,0,17,4,0,6,14,7,1,0,12,3,11,17,0,0,0,0,0,0,0,0,0,0,0,0,0,0,0,0,0,0,0,0,0,0,0,0,0,0
155076275,0,med,8,Social,4732.55233764648,0,0,0,0,0,0,0,0,0,0,0,0,0,15,2,0,4,10,1,3,0,0,0,8,17,0,0,0,0,0,0,0,0,0,0,0,0,0,0,0,0,0,0,0,0,0,0,0,0,0,0
155270396,1,med,9,Social,4738.47644042969,0,0,0,0,0,0,0,0,0,0,0,0,0,13,2,0,8,27,1,1,0,9,2,11,24,0,0,0,0,0,0,0,0,0,0,0,0,0,0,0,0,0,0,0,0,0,0,0,0,0,0
155464521,0,med,10,Social,4744.4006652832,0,0,0,0,0,0,0,0,0,0,0,0,0,17,3,10,6,12,6,5,0,6,1,9,15,0,0,0,0,0,0,0,0,0,0,0,0,0,0,0,0,0,0,0,0,0,0,0,0,0,0
155658663,0,med,11,Social,4750.32540893555,0,0,0,0,0,0,0,0,0,0,0,0,0,10,4,1,4,22,4,2,1,11,0,2,13,0,0,0,0,0,0,0,0,0,0,0,0,0,0,0,0,0,0,0,0,0,0,0,0,0,0
155852760,1,med,12,Social,4756.24877929688,0,0,0,0,0,0,0,0,0,0,0,0,0,38,16,0,9,21,10,5,0,4,1,14,20,0,0,0,0,0,0,0,0,0,0,0,0,0,0,0,0,0,0,0,0,0,0,0,0,0,0
156046880,0,med,13,Social,4762.1728515625,0,0,0,0,0,0,0,0,0,0,0,0,0,14,5,2,3,27,2,0,0,10,1,5,17,0,0,0,0,0,0,0,0,0,0,0,0,0,0,0,0,0,0,0,0,0,0,0,0,0,0
156241029,0,med,14,Social,4768.09780883789,0,0,0,0,0,0,0,0,0,0,0,0,0,13,6,0,3,21,4,3,2,16,3,3,20,0,0,0,0,0,0,0,0,0,0,0,0,0,0,0,0,0,0,0,0,0,0,0,0,0,0
156435147,0,med,15,Social,4774.02182006836,0,0,0,0,0,0,0,0,0,0,0,0,0,10,3,1,7,29,6,1,0,11,0,8,12,0,0,0,0,0,0,0,0,0,0,0,0,0,0,0,0,0,0,0,0,0,0,0,0,0,0
156629270,0,med,16,Social,4779.94598388672,0,0,0,0,0,0,0,0,0,0,0,0,0,13,5,9,5,19,4,1,0,12,1,11,18,0,0,0,0,0,0,0,0,0,0,0,0,0,0,0,0,0,0,0,0,0,0,0,0,0,0
156823386,0,med,17,Social,4785.86993408203,0,0,0,0,0,0,0,0,0,0,0,0,0,12,9,0,10,21,4,2,2,11,4,7,17,0,0,0,0,0,0,0,0,0,0,0,0,0,0,0,0,0,0,0,0,0,0,0,0,0,0
157017516,0,med,18,Social,4791.79431152344,0,0,0,0,0,0,0,0,0,0,0,0,0,11,9,4,8,13,1,2,0,3,1,6,16,0,0,0,0,0,0,0,0,0,0,0,0,0,0,0,0,0,0,0,0,0,0,0,0,0,0
157274153,0,med,19,Social,4799.6262512207,0,0,0,0,0,0,0,0,0,0,0,0,0,11,6,2,7,18,2,0,0,11,0,3,9,0,0,0,0,0,0,0,0,0,0,0,0,0,0,0,0,0,0,0,0,0,0,0,0,0,0
157468250,1,med,20,Social,4805.54962158203,0,0,0,0,0,0,0,0,0,0,0,0,0,27,4,0,4,18,6,3,0,4,3,3,18,0,0,0,0,0,0,0,0,0,0,0,0,0,0,0,0,0,0,0,0,0,0,0,0,0,0
157662399,1,med,21,Social,4811.47457885742,0,0,0,0,0,0,0,0,0,0,0,0,0,18,7,0,5,27,3,2,0,2,0,6,14,0,0,0,0,0,0,0,0,0,0,0,0,0,0,0,0,0,0,0,0,0,0,0,0,0,0
157856517,1,med,22,Social,4817.39859008789,0,0,0,0,0,0,0,0,0,0,0,0,0,13,2,5,8,22,4,4,0,2,1,7,15,0,0,0,0,0,0,0,0,0,0,0,0,0,0,0,0,0,0,0,0,0,0,0,0,0,0
158050612,0,med,23,Social,4823.32189941406,0,0,0,0,0,0,0,0,0,0,0,0,0,15,9,3,5,20,3,4,1,12,3,13,13,0,0,0,0,0,0,0,0,0,0,0,0,0,0,0,0,0,0,0,0,0,0,0,0,0,0
158244733,1,med,24,Social,4829.24600219727,0,0,0,0,0,0,0,0,0,0,0,0,0,15,6,0,6,12,3,7,0,2,1,7,11,0,0,0,0,0,0,0,0,0,0,0,0,0,0,0,0,0,0,0,0,0,0,0,0,0,0
158438879,1,med,25,Social,4835.17086791992,0,0,0,0,0,0,0,0,0,0,0,0,0,13,4,4,7,22,3,9,0,11,0,7,15,0,0,0,0,0,0,0,0,0,0,0,0,0,0,0,0,0,0,0,0,0,0,0,0,0,0
158633004,1,med,26,Social,4841.09509277344,0,0,0,0,0,0,0,0,0,0,0,0,0,14,6,7,14,15,8,1,0,5,0,8,16,0,0,0,0,0,0,0,0,0,0,0,0,0,0,0,0,0,0,0,0,0,0,0,0,0,0
158827099,0,med,27,Social,4847.01840209961,0,0,0,0,0,0,0,0,0,0,0,0,0,9,5,6,6,19,2,2,0,9,1,9,17,0,0,0,0,0,0,0,0,0,0,0,0,0,0,0,0,0,0,0,0,0,0,0,0,0,0
159021247,0,med,28,Social,4852.94332885742,0,0,0,0,0,0,0,0,0,0,0,0,0,18,3,5,4,21,3,5,0,11,2,5,13,0,0,0,0,0,0,0,0,0,0,0,0,0,0,0,0,0,0,0,0,0,0,0,0,0,0
159215373,0,med,29,Social,4858.86758422852,0,0,0,0,0,0,0,0,0,0,0,0,0,16,2,5,3,25,2,3,0,7,1,6,14,0,0,0,0,0,0,0,0,0,0,0,0,0,0,0,0,0,0,0,0,0,0,0,0,0,0
159409484,0,med,30,Social,4864.79138183594,0,0,0,0,0,0,0,0,0,0,0,0,0,19,4,2,5,20,3,3,0,10,3,6,18,0,0,0,0,0,0,0,0,0,0,0,0,0,0,0,0,0,0,0,0,0,0,0,0,0,0
159603582,1,med,31,Social,4870.71478271484,0,0,0,0,0,0,0,0,0,0,0,0,0,18,9,0,3,27,3,3,0,2,5,4,17,0,0,0,0,0,0,0,0,0,0,0,0,0,0,0,0,0,0,0,0,0,0,0,0,0,0
159797730,1,med,32,Social,4876.63970947266,0,0,0,0,0,0,0,0,0,0,0,0,0,10,2,5,3,27,3,1,0,4,1,1,20,0,0,0,0,0,0,0,0,0,0,0,0,0,0,0,0,0,0,0,0,0,0,0,0,0,0
159991847,1,med,33,Social,4882.56369018555,0,0,0,0,0,0,0,0,0,0,0,0,0,20,1,8,14,22,2,1,0,7,2,5,19,0,0,0,0,0,0,0,0,0,0,0,0,0,0,0,0,0,0,0,0,0,0,0,0,0,0
160185943,0,med,34,Social,4888.4870300293,0,0,0,0,0,0,0,0,0,0,0,0,0,13,5,2,6,17,3,3,0,1,3,11,16,0,0,0,0,0,0,0,0,0,0,0,0,0,0,0,0,0,0,0,0,0,0,0,0,0,0
160380090,0,med,35,Social,4894.41192626953,0,0,0,0,0,0,0,0,0,0,0,0,0,7,6,7,5,22,3,1,0,7,0,2,12,0,0,0,0,0,0,0,0,0,0,0,0,0,0,0,0,0,0,0,0,0,0,0,0,0,0
160574185,1,med,36,Social,4900.3352355957,0,0,0,0,0,0,0,0,0,0,0,0,0,24,6,0,5,32,4,1,0,9,2,10,19,0,0,0,0,0,0,0,0,0,0,0,0,0,0,0,0,0,0,0,0,0,0,0,0,0,0
160768306,0,med,37,Social,4906.25933837891,0,0,0,0,0,0,0,0,0,0,0,0,0,14,4,7,5,23,4,1,0,6,0,9,10,0,0,0,0,0,0,0,0,0,0,0,0,0,0,0,0,0,0,0,0,0,0,0,0,0,0
160962427,1,med,38,Social,4912.18344116211,0,0,0,0,0,0,0,0,0,0,0,0,0,20,0,9,3,29,7,9,0,5,2,6,12,0,0,0,0,0,0,0,0,0,0,0,0,0,0,0,0,0,0,0,0,0,0,0,0,0,0
161156548,0,med,39,Social,4918.10754394531,0,0,0,0,0,0,0,0,0,0,0,0,0,13,2,5,4,23,7,4,0,5,4,2,16,0,0,0,0,0,0,0,0,0,0,0,0,0,0,0,0,0,0,0,0,0,0,0,0,0,0
161350695,0,med,40,Social,4924.03244018555,0,0,0,0,0,0,0,0,0,0,0,0,0,18,9,0,10,23,1,4,0,7,8,9,20,0,0,0,0,0,0,0,0,0,0,0,0,0,0,0,0,0,0,0,0,0,0,0,0,0,0
161544790,1,med,41,Social,4929.95574951172,0,0,0,0,0,0,0,0,0,0,0,0,0,21,2,4,4,25,5,1,0,12,5,10,18,0,0,0,0,0,0,0,0,0,0,0,0,0,0,0,0,0,0,0,0,0,0,0,0,0,0
161738937,1,med,42,Social,4935.88064575195,0,0,0,0,0,0,0,0,0,0,0,0,0,20,4,2,5,20,2,1,3,8,6,17,12,0,0,0,0,0,0,0,0,0,0,0,0,0,0,0,0,0,0,0,0,0,0,0,0,0,0
161933033,0,med,43,Social,4941.8039855957,0,0,0,0,0,0,0,0,0,0,0,0,0,11,4,7,3,31,4,1,0,6,3,9,12,0,0,0,0,0,0,0,0,0,0,0,0,0,0,0,0,0,0,0,0,0,0,0,0,0,0
195341778,1,med,44,Social,5961.35797119141,0,0,0,0,0,0,0,0,0,0,0,0,0,34,2,5,15,17,5,0,0,4,0,12,21,0,0,0,0,0,0,0,0,0,0,0,0,0,0,0,0,0,0,0,0,0,0,0,0,0,0
195535898,0,med,45,Social,5967.28204345703,0,0,0,0,0,0,0,0,0,0,0,0,0,27,3,10,7,33,0,0,0,1,2,5,19,0,0,0,0,0,0,0,0,0,0,0,0,0,0,0,0,0,0,0,0,0,0,0,0,0,0
195730019,1,med,46,Social,5973.20614624023,0,0,0,0,0,0,0,0,0,0,0,0,0,22,6,7,6,31,1,4,0,6,0,7,16,0,0,0,0,0,0,0,0,0,0,0,0,0,0,0,0,0,0,0,0,0,0,0,0,0,0
195924140,0,med,47,Social,5979.13024902344,0,0,0,0,0,0,0,0,0,0,0,0,0,21,7,0,5,16,1,1,0,9,1,6,15,0,0,0,0,0,0,0,0,0,0,0,0,0,0,0,0,0,0,0,0,0,0,0,0,0,0
196118285,0,med,48,Social,5985.05508422852,0,0,0,0,0,0,0,0,0,0,0,0,0,14,5,0,6,9,0,0,0,4,3,10,24,0,0,0,0,0,0,0,0,0,0,0,0,0,0,0,0,0,0,0,0,0,0,0,0,0,0
196405509,0,med,49,Social,5993.82046508789,0,0,0,0,0,0,0,0,0,0,0,0,0,15,6,10,2,16,3,1,0,4,0,11,13,0,0,0,0,0,0,0,0,0,0,0,0,0,0,0,0,0,0,0,0,0,0,0,0,0,0
196599631,0,med,50,Social,5999.74459838867,0,0,0,0,0,0,0,0,0,0,0,0,0,20,5,0,16,7,3,6,0,3,3,15,20,0,0,0,0,0,0,0,0,0,0,0,0,0,0,0,0,0,0,0,0,0,0,0,0,0,0
196793753,0,med,51,Social,6005.66873168945,0,0,0,0,0,0,0,0,0,0,0,0,0,21,1,4,4,16,2,0,2,7,1,7,10,0,0,0,0,0,0,0,0,0,0,0,0,0,0,0,0,0,0,0,0,0,0,0,0,0,0
196987847,1,med,52,Social,6011.59201049805,0,0,0,0,0,0,0,0,0,0,0,0,0,16,6,4,2,30,1,3,0,11,2,15,18,0,0,0,0,0,0,0,0,0,0,0,0,0,0,0,0,0,0,0,0,0,0,0,0,0,0
197181968,0,med,53,Social,6017.51611328125,0,0,0,0,0,0,0,0,0,0,0,0,0,12,4,2,2,19,0,2,0,1,3,11,17,0,0,0,0,0,0,0,0,0,0,0,0,0,0,0,0,0,0,0,0,0,0,0,0,0,0
197376089,1,med,54,Social,6023.44021606445,0,0,0,0,0,0,0,0,0,0,0,0,0,17,4,9,3,22,2,1,0,8,7,11,15,0,0,0,0,0,0,0,0,0,0,0,0,0,0,0,0,0,0,0,0,0,0,0,0,0,0
197570233,1,med,55,Social,6029.36502075195,0,0,0,0,0,0,0,0,0,0,0,0,0,24,7,1,6,25,0,8,0,12,2,13,16,0,0,0,0,0,0,0,0,0,0,0,0,0,0,0,0,0,0,0,0,0,0,0,0,0,0
197764331,0,med,56,Social,6035.28842163086,0,0,0,0,0,0,0,0,0,0,0,0,0,15,5,0,13,13,3,4,0,7,9,10,13,0,0,0,0,0,0,0,0,0,0,0,0,0,0,0,0,0,0,0,0,0,0,0,0,0,0
197958478,0,med,57,Social,6041.21331787109,0,0,0,0,0,0,0,0,0,0,0,0,0,14,3,6,3,24,3,2,1,12,3,9,20,0,0,0,0,0,0,0,0,0,0,0,0,0,0,0,0,0,0,0,0,0,0,0,0,0,0
198152574,1,med,58,Social,6047.13665771484,0,0,0,0,0,0,0,0,0,0,0,0,0,24,3,6,5,34,2,1,0,12,2,7,14,0,0,0,0,0,0,0,0,0,0,0,0,0,0,0,0,0,0,0,0,0,0,0,0,0,0
198346720,1,med,59,Social,6053.0615234375,0,0,0,0,0,0,0,0,0,0,0,0,0,24,5,9,5,28,2,2,0,17,4,11,22,0,0,0,0,0,0,0,0,0,0,0,0,0,0,0,0,0,0,0,0,0,0,0,0,0,0
198540842,1,med,60,Social,6058.98565673828,0,0,0,0,0,0,0,0,0,0,0,0,0,16,9,0,7,17,4,3,0,5,2,11,19,0,0,0,0,0,0,0,0,0,0,0,0,0,0,0,0,0,0,0,0,0,0,0,0,0,0
198734962,1,med,61,Social,6064.90972900391,0,0,0,0,0,0,0,0,0,0,0,0,0,18,13,0,9,10,0,5,0,2,5,10,18,0,0,0,0,0,0,0,0,0,0,0,0,0,0,0,0,0,0,0,0,0,0,0,0,0,0
198929058,0,med,62,Social,6070.83306884766,0,0,0,0,0,0,0,0,0,0,0,0,0,13,14,0,6,16,2,5,0,1,7,11,17,0,0,0,0,0,0,0,0,0,0,0,0,0,0,0,0,0,0,0,0,0,0,0,0,0,0
199123179,1,med,63,Social,6076.75717163086,0,0,0,0,0,0,0,0,0,0,0,0,0,23,9,10,7,21,1,3,0,1,5,15,32,0,0,0,0,0,0,0,0,0,0,0,0,0,0,0,0,0,0,0,0,0,0,0,0,0,0
199382281,0,med,64,Social,6084.6643371582,0,0,0,0,0,0,0,0,0,0,0,0,0,15,7,0,9,19,1,1,0,2,2,15,21,0,0,0,0,0,0,0,0,0,0,0,0,0,0,0,0,0,0,0,0,0,0,0,0,0,0
199576401,1,med,65,Social,6090.58840942383,0,0,0,0,0,0,0,0,0,0,0,0,0,14,1,4,5,20,1,2,0,1,0,15,16,0,0,0,0,0,0,0,0,0,0,0,0,0,0,0,0,0,0,0,0,0,0,0,0,0,0
199770547,1,med,66,Social,6096.51327514648,0,0,0,0,0,0,0,0,0,0,0,0,0,38,8,0,11,20,2,1,0,8,1,10,23,0,0,0,0,0,0,0,0,0,0,0,0,0,0,0,0,0,0,0,0,0,0,0,0,0,0
199964643,0,med,67,Social,6102.43661499023,0,0,0,0,0,0,0,0,0,0,0,0,0,29,4,4,5,22,2,3,0,5,4,6,18,0,0,0,0,0,0,0,0,0,0,0,0,0,0,0,0,0,0,0,0,0,0,0,0,0,0
200158788,0,med,68,Social,6108.36145019531,0,0,0,0,0,0,0,0,0,0,0,0,0,23,6,0,8,25,2,4,0,3,2,15,12,0,0,0,0,0,0,0,0,0,0,0,0,0,0,0,0,0,0,0,0,0,0,0,0,0,0
200352887,1,med,69,Social,6114.2848815918,0,0,0,0,0,0,0,0,0,0,0,0,0,25,6,1,2,20,2,5,0,5,1,7,21,0,0,0,0,0,0,0,0,0,0,0,0,0,0,0,0,0,0,0,0,0,0,0,0,0,0
200547030,1,med,70,Social,6120.20965576172,0,0,0,0,0,0,0,0,0,0,0,0,0,17,6,8,6,19,0,3,0,3,2,12,16,0,0,0,0,0,0,0,0,0,0,0,0,0,0,0,0,0,0,0,0,0,0,0,0,0,0
200741126,0,med,71,Social,6126.13299560547,0,0,0,0,0,0,0,0,0,0,0,0,0,11,6,2,9,22,3,4,1,7,4,8,24,0,0,0,0,0,0,0,0,0,0,0,0,0,0,0,0,0,0,0,0,0,0,0,0,0,0
200935247,1,med,72,Social,6132.05709838867,0,0,0,0,0,0,0,0,0,0,0,0,0,8,6,0,7,10,1,4,0,8,5,13,15,0,0,0,0,0,0,0,0,0,0,0,0,0,0,0,0,0,0,0,0,0,0,0,0,0,0
201129370,0,med,73,Social,6137.98126220703,0,0,0,0,0,0,0,0,0,0,0,0,0,24,10,1,8,14,1,1,0,3,4,9,24,0,0,0,0,0,0,0,0,0,0,0,0,0,0,0,0,0,0,0,0,0,0,0,0,0,0
201323518,0,med,74,Social,6143.90618896484,0,0,0,0,0,0,0,0,0,0,0,0,0,19,7,0,8,18,2,2,0,5,4,11,23,0,0,0,0,0,0,0,0,0,0,0,0,0,0,0,0,0,0,0,0,0,0,0,0,0,0
201517611,1,med,75,Social,6149.82943725586,0,0,0,0,0,0,0,0,0,0,0,0,0,17,5,3,3,22,2,1,0,3,0,10,17,0,0,0,0,0,0,0,0,0,0,0,0,0,0,0,0,0,0,0,0,0,0,0,0,0,0
201711732,0,med,76,Social,6155.75354003906,0,0,0,0,0,0,0,0,0,0,0,0,0,18,6,5,9,22,3,3,0,3,1,10,21,0,0,0,0,0,0,0,0,0,0,0,0,0,0,0,0,0,0,0,0,0,0,0,0,0,0
201905854,1,med,77,Social,6161.67767333984,0,0,0,0,0,0,0,0,0,0,0,0,0,14,7,0,10,16,1,2,0,9,4,13,14,0,0,0,0,0,0,0,0,0,0,0,0,0,0,0,0,0,0,0,0,0,0,0,0,0,0
202099998,1,med,78,Social,6167.60247802734,0,0,0,0,0,0,0,0,0,0,0,0,0,15,2,0,1,12,2,6,0,1,2,7,14,0,0,0,0,0,0,0,0,0,0,0,0,0,0,0,0,0,0,0,0,0,0,0,0,0,0
202294095,0,med,79,Social,6173.52584838867,0,0,0,0,0,0,0,0,0,0,0,0,0,16,9,0,6,18,2,2,0,3,10,17,19,0,0,0,0,0,0,0,0,0,0,0,0,0,0,0,0,0,0,0,0,0,0,0,0,0,0
202488216,1,med,80,Social,6179.44995117188,0,0,0,0,0,0,0,0,0,0,0,0,0,8,3,9,5,19,1,6,1,2,3,10,20,0,0,0,0,0,0,0,0,0,0,0,0,0,0,0,0,0,0,0,0,0,0,0,0,0,0
202682337,0,med,81,Social,6185.37405395508,0,0,0,0,0,0,0,0,0,0,0,0,0,11,7,0,7,18,2,1,0,1,3,6,17,0,0,0,0,0,0,0,0,0,0,0,0,0,0,0,0,0,0,0,0,0,0,0,0,0,0
202876482,0,med,82,Social,6191.29888916016,0,0,0,0,0,0,0,0,0,0,0,0,0,20,5,7,7,23,1,5,0,3,4,11,20,0,0,0,0,0,0,0,0,0,0,0,0,0,0,0,0,0,0,0,0,0,0,0,0,0,0
203070579,1,med,83,Social,6197.22225952148,0,0,0,0,0,0,0,0,0,0,0,0,0,23,4,3,3,26,1,1,0,4,0,9,16,0,0,0,0,0,0,0,0,0,0,0,0,0,0,0,0,0,0,0,0,0,0,0,0,0,0
203264725,1,med,84,Social,6203.14712524414,0,0,0,0,0,0,0,0,0,0,0,0,0,14,10,0,6,12,1,2,2,2,3,14,15,0,0,0,0,0,0,0,0,0,0,0,0,0,0,0,0,0,0,0,0,0,0,0,0,0,0
203458846,1,med,85,Social,6209.07122802734,0,0,0,0,0,0,0,0,0,0,0,0,0,16,2,9,8,20,2,16,0,5,7,12,22,0,0,0,0,0,0,0,0,0,0,0,0,0,0,0,0,0,0,0,0,0,0,0,0,0,0
203652942,0,med,86,Social,6214.99456787109,0,0,0,0,0,0,0,0,0,0,0,0,0,15,2,3,5,18,2,6,0,3,12,12,18,0,0,0,0,0,0,0,0,0,0,0,0,0,0,0,0,0,0,0,0,0,0,0,0,0,0
203847092,0,med,87,Social,6220.91955566406,0,0,0,0,0,0,0,0,0,0,0,0,0,14,3,9,0,14,1,0,0,1,5,11,19,0,0,0,0,0,0,0,0,0,0,0,0,0,0,0,0,0,0,0,0,0,0,0,0,0,0
204041184,1,med,88,Social,6226.8427734375,0,0,0,0,0,0,0,0,0,0,0,0,0,35,4,2,4,24,0,2,1,4,1,6,17,0,0,0,0,0,0,0,0,0,0,0,0,0,0,0,0,0,0,0,0,0,0,0,0,0,0
162695320,1,high,1,Social,4965.06713867188,0,0,0,0,0,0,0,0,0,0,0,0,0,23,1,2,3,22,2,1,0,20,0,7,16,0,0,0,0,0,0,0,0,0,0,0,0,0,0,0,0,0,0,0,0,0,0,0,0,0,0
162889471,1,high,2,Social,4970.99215698242,0,0,0,0,0,0,0,0,0,0,0,0,0,17,0,3,3,29,6,0,0,11,1,8,13,0,0,0,0,0,0,0,0,0,0,0,0,0,0,0,0,0,0,0,0,0,0,0,0,0,0
163083589,1,high,3,Social,4976.91616821289,0,0,0,0,0,0,0,0,0,0,0,0,0,20,2,7,3,24,4,2,0,4,1,9,11,0,0,0,0,0,0,0,0,0,0,0,0,0,0,0,0,0,0,0,0,0,0,0,0,0,0
163277708,1,high,4,Social,4982.84020996094,0,0,0,0,0,0,0,0,0,0,0,0,0,14,2,1,4,25,5,2,0,11,0,5,16,0,0,0,0,0,0,0,0,0,0,0,0,0,0,0,0,0,0,0,0,0,0,0,0,0,0
163471825,1,high,5,Social,4988.76419067383,0,0,0,0,0,0,0,0,0,0,0,0,0,14,2,1,4,22,2,2,0,10,1,6,14,0,0,0,0,0,0,0,0,0,0,0,0,0,0,0,0,0,0,0,0,0,0,0,0,0,0
163736390,1,high,6,Social,4996.83807373047,0,0,0,0,0,0,0,0,0,0,0,0,0,19,6,8,3,27,7,2,0,11,3,9,17,0,0,0,0,0,0,0,0,0,0,0,0,0,0,0,0,0,0,0,0,0,0,0,0,0,0
163930512,1,high,7,Social,5002.76220703125,0,0,0,0,0,0,0,0,0,0,0,0,0,18,4,4,5,34,2,2,0,9,3,6,15,0,0,0,0,0,0,0,0,0,0,0,0,0,0,0,0,0,0,0,0,0,0,0,0,0,0
164124635,1,high,8,Social,5008.68637084961,0,0,0,0,0,0,0,0,0,0,0,0,0,18,4,4,5,37,2,0,1,3,0,6,18,0,0,0,0,0,0,0,0,0,0,0,0,0,0,0,0,0,0,0,0,0,0,0,0,0,0
164318751,1,high,9,Social,5014.61032104492,0,0,0,0,0,0,0,0,0,0,0,0,0,27,5,0,3,19,4,5,3,11,1,6,13,0,0,0,0,0,0,0,0,0,0,0,0,0,0,0,0,0,0,0,0,0,0,0,0,0,0
164512873,1,high,10,Social,5020.5344543457,0,0,0,0,0,0,0,0,0,0,0,0,0,16,2,1,2,24,2,0,1,6,2,4,12,0,0,0,0,0,0,0,0,0,0,0,0,0,0,0,0,0,0,0,0,0,0,0,0,0,0
164706994,1,high,11,Social,5026.45855712891,0,0,0,0,0,0,0,0,0,0,0,0,0,11,3,5,5,31,7,3,0,7,3,6,8,0,0,0,0,0,0,0,0,0,0,0,0,0,0,0,0,0,0,0,0,0,0,0,0,0,0
164901117,1,high,12,Social,5032.38272094727,0,0,0,0,0,0,0,0,0,0,0,0,0,20,4,5,3,22,2,3,0,4,0,5,14,0,0,0,0,0,0,0,0,0,0,0,0,0,0,0,0,0,0,0,0,0,0,0,0,0,0
165095237,1,high,13,Social,5038.30679321289,0,0,0,0,0,0,0,0,0,0,0,0,0,18,8,3,5,19,4,8,0,3,4,8,19,0,0,0,0,0,0,0,0,0,0,0,0,0,0,0,0,0,0,0,0,0,0,0,0,0,0
165289358,1,high,14,Social,5044.23089599609,0,0,0,0,0,0,0,0,0,0,0,0,0,12,4,2,4,32,4,4,0,2,0,4,14,0,0,0,0,0,0,0,0,0,0,0,0,0,0,0,0,0,0,0,0,0,0,0,0,0,0
165483481,1,high,15,Social,5050.15505981445,0,0,0,0,0,0,0,0,0,0,0,0,0,16,4,5,5,32,1,0,0,5,2,14,19,0,0,0,0,0,0,0,0,0,0,0,0,0,0,0,0,0,0,0,0,0,0,0,0,0,0
165677600,1,high,16,Social,5056.0791015625,0,0,0,0,0,0,0,0,0,0,0,0,0,16,6,9,8,20,0,1,0,9,2,11,19,0,0,0,0,0,0,0,0,0,0,0,0,0,0,0,0,0,0,0,0,0,0,0,0,0,0
165871696,0,high,17,Social,5062.00244140625,0,0,0,0,0,0,0,0,0,0,0,0,0,16,11,3,5,26,3,1,0,4,1,15,13,0,0,0,0,0,0,0,0,0,0,0,0,0,0,0,0,0,0,0,0,0,0,0,0,0,0
166065817,1,high,18,Social,5067.92654418945,0,0,0,0,0,0,0,0,0,0,0,0,0,13,1,10,4,27,0,5,0,1,2,9,23,0,0,0,0,0,0,0,0,0,0,0,0,0,0,0,0,0,0,0,0,0,0,0,0,0,0
166259937,0,high,19,Social,5073.85061645508,0,0,0,0,0,0,0,0,0,0,0,0,0,18,4,5,1,27,3,2,0,8,0,10,24,0,0,0,0,0,0,0,0,0,0,0,0,0,0,0,0,0,0,0,0,0,0,0,0,0,0
166454087,0,high,20,Social,5079.77560424805,0,0,0,0,0,0,0,0,0,0,0,0,0,17,7,0,3,22,3,2,1,6,3,12,33,0,0,0,0,0,0,0,0,0,0,0,0,0,0,0,0,0,0,0,0,0,0,0,0,0,0
166753029,1,high,21,Social,5088.89859008789,0,0,0,0,0,0,0,0,0,0,0,0,0,12,7,0,9,15,1,3,0,3,2,8,22,0,0,0,0,0,0,0,0,0,0,0,0,0,0,0,0,0,0,0,0,0,0,0,0,0,0
166947168,1,high,22,Social,5094.8232421875,0,0,0,0,0,0,0,0,0,0,0,0,0,32,5,6,10,19,1,9,3,11,8,9,28,0,0,0,0,0,0,0,0,0,0,0,0,0,0,0,0,0,0,0,0,0,0,0,0,0,0
167141286,1,high,23,Social,5100.74725341797,0,0,0,0,0,0,0,0,0,0,0,0,0,15,0,1,5,27,1,2,0,4,0,7,10,0,0,0,0,0,0,0,0,0,0,0,0,0,0,0,0,0,0,0,0,0,0,0,0,0,0
167335387,0,high,24,Social,5106.67074584961,0,0,0,0,0,0,0,0,0,0,0,0,0,15,6,11,11,25,4,4,0,8,7,13,21,0,0,0,0,0,0,0,0,0,0,0,0,0,0,0,0,0,0,0,0,0,0,0,0,0,0
167529505,1,high,25,Social,5112.59475708008,0,0,0,0,0,0,0,0,0,0,0,0,0,22,4,0,5,22,2,3,1,17,9,9,14,0,0,0,0,0,0,0,0,0,0,0,0,0,0,0,0,0,0,0,0,0,0,0,0,0,0
167723626,0,high,26,Social,5118.51885986328,0,0,0,0,0,0,0,0,0,0,0,0,0,21,2,9,2,22,1,2,0,11,6,7,12,0,0,0,0,0,0,0,0,0,0,0,0,0,0,0,0,0,0,0,0,0,0,0,0,0,0
167917773,0,high,27,Social,5124.44375610352,0,0,0,0,0,0,0,0,0,0,0,0,0,22,2,6,5,26,1,4,1,4,2,10,13,0,0,0,0,0,0,0,0,0,0,0,0,0,0,0,0,0,0,0,0,0,0,0,0,0,0
168111868,1,high,28,Social,5130.36706542969,0,0,0,0,0,0,0,0,0,0,0,0,0,28,4,1,2,22,2,3,2,9,1,9,23,0,0,0,0,0,0,0,0,0,0,0,0,0,0,0,0,0,0,0,0,0,0,0,0,0,0
168306015,1,high,29,Social,5136.29196166992,0,0,0,0,0,0,0,0,0,0,0,0,0,16,6,4,7,27,4,3,0,4,1,5,18,0,0,0,0,0,0,0,0,0,0,0,0,0,0,0,0,0,0,0,0,0,0,0,0,0,0
168500138,1,high,30,Social,5142.21612548828,0,0,0,0,0,0,0,0,0,0,0,0,0,26,1,7,7,23,2,4,0,13,5,8,24,0,0,0,0,0,0,0,0,0,0,0,0,0,0,0,0,0,0,0,0,0,0,0,0,0,0
168694252,1,high,31,Social,5148.14001464844,0,0,0,0,0,0,0,0,0,0,0,0,0,16,3,7,2,27,1,0,1,5,1,9,16,0,0,0,0,0,0,0,0,0,0,0,0,0,0,0,0,0,0,0,0,0,0,0,0,0,0
168888352,0,high,32,Social,5154.0634765625,0,0,0,0,0,0,0,0,0,0,0,0,0,13,9,0,3,21,2,5,0,9,1,18,26,0,0,0,0,0,0,0,0,0,0,0,0,0,0,0,0,0,0,0,0,0,0,0,0,0,0
169082473,1,high,33,Social,5159.9875793457,0,0,0,0,0,0,0,0,0,0,0,0,0,15,4,2,4,20,3,2,3,18,3,4,14,0,0,0,0,0,0,0,0,0,0,0,0,0,0,0,0,0,0,0,0,0,0,0,0,0,0
169276594,0,high,34,Social,5165.91168212891,0,0,0,0,0,0,0,0,0,0,0,0,0,24,5,0,1,20,0,1,0,8,5,13,24,0,0,0,0,0,0,0,0,0,0,0,0,0,0,0,0,0,0,0,0,0,0,0,0,0,0
169470715,1,high,35,Social,5171.83578491211,0,0,0,0,0,0,0,0,0,0,0,0,0,21,5,4,2,23,3,0,0,10,0,2,18,0,0,0,0,0,0,0,0,0,0,0,0,0,0,0,0,0,0,0,0,0,0,0,0,0,0
169664863,1,high,36,Social,5177.76071166992,0,0,0,0,0,0,0,0,0,0,0,0,0,8,2,5,5,22,0,1,0,10,5,16,15,0,0,0,0,0,0,0,0,0,0,0,0,0,0,0,0,0,0,0,0,0,0,0,0,0,0
169858985,1,high,37,Social,5183.6848449707,0,0,0,0,0,0,0,0,0,0,0,0,0,18,13,3,8,10,2,4,0,6,4,12,15,0,0,0,0,0,0,0,0,0,0,0,0,0,0,0,0,0,0,0,0,0,0,0,0,0,0
170053105,1,high,38,Social,5189.60891723633,0,0,0,0,0,0,0,0,0,0,0,0,0,16,4,3,4,23,0,0,0,13,0,8,13,0,0,0,0,0,0,0,0,0,0,0,0,0,0,0,0,0,0,0,0,0,0,0,0,0,0
170247224,1,high,39,Social,5195.53295898438,0,0,0,0,0,0,0,0,0,0,0,0,0,11,8,3,8,17,0,5,0,3,4,4,18,0,0,0,0,0,0,0,0,0,0,0,0,0,0,0,0,0,0,0,0,0,0,0,0,0,0
170441347,1,high,40,Social,5201.45712280273,0,0,0,0,0,0,0,0,0,0,0,0,0,21,7,1,7,18,2,6,0,0,1,7,24,0,0,0,0,0,0,0,0,0,0,0,0,0,0,0,0,0,0,0,0,0,0,0,0,0,0
170635467,1,high,41,Social,5207.38119506836,0,0,0,0,0,0,0,0,0,0,0,0,0,17,1,3,9,24,0,1,0,0,0,10,18,0,0,0,0,0,0,0,0,0,0,0,0,0,0,0,0,0,0,0,0,0,0,0,0,0,0
170829562,0,high,42,Social,5213.30450439453,0,0,0,0,0,0,0,0,0,0,0,0,0,16,9,0,5,23,4,4,0,10,6,12,21,0,0,0,0,0,0,0,0,0,0,0,0,0,0,0,0,0,0,0,0,0,0,0,0,0,0
171023707,0,high,43,Social,5219.22933959961,0,0,0,0,0,0,0,0,0,0,0,0,0,13,3,9,3,28,4,5,0,2,1,8,27,0,0,0,0,0,0,0,0,0,0,0,0,0,0,0,0,0,0,0,0,0,0,0,0,0,0
171217804,1,high,44,Social,5225.15270996094,0,0,0,0,0,0,0,0,0,0,0,0,0,14,6,5,2,22,1,3,0,14,1,17,20,0,0,0,0,0,0,0,0,0,0,0,0,0,0,0,0,0,0,0,0,0,0,0,0,0,0
171411925,0,high,45,Social,5231.07681274414,0,0,0,0,0,0,0,0,0,0,0,0,0,15,7,1,11,15,3,1,1,7,3,10,20,0,0,0,0,0,0,0,0,0,0,0,0,0,0,0,0,0,0,0,0,0,0,0,0,0,0
204598454,1,high,46,Social,6243.84930419922,0,0,0,0,0,0,0,0,0,0,0,0,0,10,7,3,3,23,3,0,0,6,0,8,14,0,0,0,0,0,0,0,0,0,0,0,0,0,0,0,0,0,0,0,0,0,0,0,0,0,0
204792572,1,high,47,Social,6249.77331542969,0,0,0,0,0,0,0,0,0,0,0,0,0,22,7,0,12,24,2,1,1,12,1,8,9,0,0,0,0,0,0,0,0,0,0,0,0,0,0,0,0,0,0,0,0,0,0,0,0,0,0
204986699,1,high,48,Social,6255.69760131836,0,0,0,0,0,0,0,0,0,0,0,0,0,16,5,4,3,22,1,3,0,12,0,12,15,0,0,0,0,0,0,0,0,0,0,0,0,0,0,0,0,0,0,0,0,0,0,0,0,0,0
205180814,1,high,49,Social,6261.62152099609,0,0,0,0,0,0,0,0,0,0,0,0,0,18,1,4,2,15,1,2,0,5,1,11,14,0,0,0,0,0,0,0,0,0,0,0,0,0,0,0,0,0,0,0,0,0,0,0,0,0,0
205374937,1,high,50,Social,6267.54568481445,0,0,0,0,0,0,0,0,0,0,0,0,0,12,6,1,4,17,2,1,0,10,1,10,14,0,0,0,0,0,0,0,0,0,0,0,0,0,0,0,0,0,0,0,0,0,0,0,0,0,0
205623665,1,high,51,Social,6275.13626098633,0,0,0,0,0,0,0,0,0,0,0,0,0,19,10,0,5,17,2,4,0,1,3,10,19,0,0,0,0,0,0,0,0,0,0,0,0,0,0,0,0,0,0,0,0,0,0,0,0,0,0
205817761,0,high,52,Social,6281.05960083008,0,0,0,0,0,0,0,0,0,0,0,0,0,25,5,9,3,25,3,0,0,6,3,12,11,0,0,0,0,0,0,0,0,0,0,0,0,0,0,0,0,0,0,0,0,0,0,0,0,0,0
206011909,0,high,53,Social,6286.98452758789,0,0,0,0,0,0,0,0,0,0,0,0,0,24,2,2,2,18,3,1,1,1,2,7,21,0,0,0,0,0,0,0,0,0,0,0,0,0,0,0,0,0,0,0,0,0,0,0,0,0,0
206206030,0,high,54,Social,6292.90863037109,0,0,0,0,0,0,0,0,0,0,0,0,0,23,11,2,10,22,0,3,0,7,2,12,17,0,0,0,0,0,0,0,0,0,0,0,0,0,0,0,0,0,0,0,0,0,0,0,0,0,0
206400147,0,high,55,Social,6298.83261108398,0,0,0,0,0,0,0,0,0,0,0,0,0,12,3,5,6,17,2,0,0,7,3,6,19,0,0,0,0,0,0,0,0,0,0,0,0,0,0,0,0,0,0,0,0,0,0,0,0,0,0
206594244,1,high,56,Social,6304.75598144531,0,0,0,0,0,0,0,0,0,0,0,0,0,25,4,3,6,21,1,3,0,21,1,7,14,0,0,0,0,0,0,0,0,0,0,0,0,0,0,0,0,0,0,0,0,0,0,0,0,0,0
206788365,0,high,57,Social,6310.68008422852,0,0,0,0,0,0,0,0,0,0,0,0,0,21,3,2,3,17,0,2,0,9,3,16,16,0,0,0,0,0,0,0,0,0,0,0,0,0,0,0,0,0,0,0,0,0,0,0,0,0,0
206982514,0,high,58,Social,6316.60504150391,0,0,0,0,0,0,0,0,0,0,0,0,0,22,8,1,9,13,1,2,2,5,3,12,19,0,0,0,0,0,0,0,0,0,0,0,0,0,0,0,0,0,0,0,0,0,0,0,0,0,0
207176609,1,high,59,Social,6322.52835083008,0,0,0,0,0,0,0,0,0,0,0,0,0,17,3,1,7,19,2,4,0,9,2,12,21,0,0,0,0,0,0,0,0,0,0,0,0,0,0,0,0,0,0,0,0,0,0,0,0,0,0
207370756,1,high,60,Social,6328.45324707031,0,0,0,0,0,0,0,0,0,0,0,0,0,13,10,0,8,15,0,5,1,4,1,15,24,0,0,0,0,0,0,0,0,0,0,0,0,0,0,0,0,0,0,0,0,0,0,0,0,0,0
207564878,1,high,61,Social,6334.37738037109,0,0,0,0,0,0,0,0,0,0,0,0,0,14,4,2,8,19,2,0,0,2,2,7,11,0,0,0,0,0,0,0,0,0,0,0,0,0,0,0,0,0,0,0,0,0,0,0,0,0,0
207758995,1,high,62,Social,6340.30136108398,0,0,0,0,0,0,0,0,0,0,0,0,0,19,3,2,8,24,5,1,1,10,0,5,15,0,0,0,0,0,0,0,0,0,0,0,0,0,0,0,0,0,0,0,0,0,0,0,0,0,0
207953116,1,high,63,Social,6346.22546386719,0,0,0,0,0,0,0,0,0,0,0,0,0,14,1,6,4,20,0,1,0,9,2,9,14,0,0,0,0,0,0,0,0,0,0,0,0,0,0,0,0,0,0,0,0,0,0,0,0,0,0
208147238,1,high,64,Social,6352.14959716797,0,0,0,0,0,0,0,0,0,0,0,0,0,16,5,2,8,19,0,7,0,5,4,7,16,0,0,0,0,0,0,0,0,0,0,0,0,0,0,0,0,0,0,0,0,0,0,0,0,0,0
208341366,1,high,65,Social,6358.07391357422,0,0,0,0,0,0,0,0,0,0,0,0,0,11,6,2,10,20,2,2,0,5,4,8,10,0,0,0,0,0,0,0,0,0,0,0,0,0,0,0,0,0,0,0,0,0,0,0,0,0,0
208625021,0,high,66,Social,6366.73037719727,0,0,0,0,0,0,0,0,0,0,0,0,0,20,1,2,6,23,0,2,0,5,1,5,9,0,0,0,0,0,0,0,0,0,0,0,0,0,0,0,0,0,0,0,0,0,0,0,0,0,0
208819153,0,high,67,Social,6372.65481567383,0,0,0,0,0,0,0,0,0,0,0,0,0,14,2,4,6,28,3,1,0,8,5,3,9,0,0,0,0,0,0,0,0,0,0,0,0,0,0,0,0,0,0,0,0,0,0,0,0,0,0
209013249,1,high,68,Social,6378.57815551758,0,0,0,0,0,0,0,0,0,0,0,0,0,15,5,1,4,23,1,5,0,0,3,15,14,0,0,0,0,0,0,0,0,0,0,0,0,0,0,0,0,0,0,0,0,0,0,0,0,0,0
209207397,1,high,69,Social,6384.50308227539,0,0,0,0,0,0,0,0,0,0,0,0,0,20,4,2,2,18,1,7,0,8,5,8,17,0,0,0,0,0,0,0,0,0,0,0,0,0,0,0,0,0,0,0,0,0,0,0,0,0,0
209401516,1,high,70,Social,6390.42712402344,0,0,0,0,0,0,0,0,0,0,0,0,0,24,14,5,12,8,1,8,0,1,8,11,27,0,0,0,0,0,0,0,0,0,0,0,0,0,0,0,0,0,0,0,0,0,0,0,0,0,0
209595637,1,high,71,Social,6396.35122680664,0,0,0,0,0,0,0,0,0,0,0,0,0,21,10,2,6,26,1,5,0,12,1,9,14,0,0,0,0,0,0,0,0,0,0,0,0,0,0,0,0,0,0,0,0,0,0,0,0,0,0
209789760,1,high,72,Social,6402.275390625,0,0,0,0,0,0,0,0,0,0,0,0,0,13,1,1,6,17,1,1,1,8,2,9,7,0,0,0,0,0,0,0,0,0,0,0,0,0,0,0,0,0,0,0,0,0,0,0,0,0,0
209983878,1,high,73,Social,6408.19940185547,0,0,0,0,0,0,0,0,0,0,0,0,0,14,6,0,5,13,1,6,0,3,5,6,13,0,0,0,0,0,0,0,0,0,0,0,0,0,0,0,0,0,0,0,0,0,0,0,0,0,0
210177999,1,high,74,Social,6414.12350463867,0,0,0,0,0,0,0,0,0,0,0,0,0,16,8,3,7,17,0,3,0,0,5,17,11,0,0,0,0,0,0,0,0,0,0,0,0,0,0,0,0,0,0,0,0,0,0,0,0,0,0
210372122,1,high,75,Social,6420.04766845703,0,0,0,0,0,0,0,0,0,0,0,0,0,17,7,4,10,11,4,3,0,4,8,13,14,0,0,0,0,0,0,0,0,0,0,0,0,0,0,0,0,0,0,0,0,0,0,0,0,0,0
210566243,1,high,76,Social,6425.97177124023,0,0,0,0,0,0,0,0,0,0,0,0,0,16,3,7,3,15,0,4,0,14,4,12,16,0,0,0,0,0,0,0,0,0,0,0,0,0,0,0,0,0,0,0,0,0,0,0,0,0,0
210760363,1,high,77,Social,6431.89584350586,0,0,0,0,0,0,0,0,0,0,0,0,0,35,1,0,5,20,0,1,0,12,1,4,30,0,0,0,0,0,0,0,0,0,0,0,0,0,0,0,0,0,0,0,0,0,0,0,0,0,0
210954460,0,high,78,Social,6437.81921386719,0,0,0,0,0,0,0,0,0,0,0,0,0,35,3,5,8,25,1,3,0,4,1,10,22,0,0,0,0,0,0,0,0,0,0,0,0,0,0,0,0,0,0,0,0,0,0,0,0,0,0
211148581,1,high,79,Social,6443.74331665039,0,0,0,0,0,0,0,0,0,0,0,0,0,13,8,12,15,21,4,5,0,0,7,12,22,0,0,0,0,0,0,0,0,0,0,0,0,0,0,0,0,0,0,0,0,0,0,0,0,0,0
211342702,0,high,80,Social,6449.66741943359,0,0,0,0,0,0,0,0,0,0,0,0,0,19,9,7,3,13,1,3,0,4,3,6,18,0,0,0,0,0,0,0,0,0,0,0,0,0,0,0,0,0,0,0,0,0,0,0,0,0,0
211536848,0,high,81,Social,6455.59228515625,0,0,0,0,0,0,0,0,0,0,0,0,0,18,2,2,6,15,2,10,2,8,5,7,15,0,0,0,0,0,0,0,0,0,0,0,0,0,0,0,0,0,0,0,0,0,0,0,0,0,0
211730944,1,high,82,Social,6461.515625,0,0,0,0,0,0,0,0,0,0,0,0,0,18,5,9,3,18,0,5,0,7,0,13,21,0,0,0,0,0,0,0,0,0,0,0,0,0,0,0,0,0,0,0,0,0,0,0,0,0,0
211925090,1,high,83,Social,6467.44049072266,0,0,0,0,0,0,0,0,0,0,0,0,0,38,4,0,7,16,1,2,0,7,7,9,24,0,0,0,0,0,0,0,0,0,0,0,0,0,0,0,0,0,0,0,0,0,0,0,0,0,0
212119211,1,high,84,Social,6473.36459350586,0,0,0,0,0,0,0,0,0,0,0,0,0,25,6,2,8,17,6,4,0,1,2,13,14,0,0,0,0,0,0,0,0,0,0,0,0,0,0,0,0,0,0,0,0,0,0,0,0,0,0
212313333,1,high,85,Social,6479.28872680664,0,0,0,0,0,0,0,0,0,0,0,0,0,16,6,1,3,11,2,2,0,5,1,10,16,0,0,0,0,0,0,0,0,0,0,0,0,0,0,0,0,0,0,0,0,0,0,0,0,0,0
212507453,1,high,86,Social,6485.21279907227,0,0,0,0,0,0,0,0,0,0,0,0,0,27,4,5,3,24,5,2,0,8,4,11,32,0,0,0,0,0,0,0,0,0,0,0,0,0,0,0,0,0,0,0,0,0,0,0,0,0,0
212701576,1,high,87,Social,6491.13696289062,0,0,0,0,0,0,0,0,0,0,0,0,0,13,6,11,14,20,0,1,0,8,0,10,16,0,0,0,0,0,0,0,0,0,0,0,0,0,0,0,0,0,0,0,0,0,0,0,0,0,0
212895696,1,high,88,Social,6497.06103515625,0,0,0,0,0,0,0,0,0,0,0,0,0,15,7,0,6,23,2,2,0,10,3,12,17,0,0,0,0,0,0,0,0,0,0,0,0,0,0,0,0,0,0,0,0,0,0,0,0,0,0
213089822,1,high,89,Social,6502.98529052734,0,0,0,0,0,0,0,0,0,0,0,0,0,9,9,0,14,3,3,9,1,4,4,6,18,0,0,0,0,0,0,0,0,0,0,0,0,0,0,0,0,0,0,0,0,0,0,0,0,0,0
213283936,1,high,90,Social,6508.9091796875,0,0,0,0,0,0,0,0,0,0,0,0,0,22,4,0,15,19,3,0,0,11,1,11,25,0,0,0,0,0,0,0,0,0,0,0,0,0,0,0,0,0,0,0,0,0,0,0,0,0,0
